,color
HP:0000256,3
HP:0000272,3
HP:0000316,3
HP:0000369,22
HP:0000470,3
HP:0000767,15
HP:0001274,7
HP:0001373,15
HP:0001513,0
HP:0002007,3
HP:0002758,15
HP:0002857,15
HP:0005930,15
HP:0006101,15
HP:0012444,7
HP:0030084,15
HP:0000218,3
HP:0000238,7
HP:0000496,11
HP:0000508,11
HP:0000639,11
HP:0000651,11
HP:0000712,7
HP:0000716,7
HP:0000819,21
HP:0000821,21
HP:0000822,5
HP:0000826,21
HP:0000938,15
HP:0000975,9
HP:0001249,7
HP:0001250,7
HP:0001251,7
HP:0001252,2
HP:0001257,7
HP:0001260,7
HP:0001288,7
HP:0001324,2
HP:0001337,7
HP:0001347,7
HP:0001355,7
HP:0001508,0
HP:0001618,7
HP:0001645,5
HP:0002015,7
HP:0002017,17
HP:0002019,17
HP:0002045,13
HP:0002072,7
HP:0002093,4
HP:0002167,7
HP:0002169,7
HP:0002353,7
HP:0002357,7
HP:0002360,7
HP:0002376,7
HP:0002383,7
HP:0002410,7
HP:0002445,7
HP:0012332,7
HP:0002514,7
HP:0002607,17
HP:0002615,5
HP:0002650,15
HP:0002808,15
HP:0003307,15
HP:0007256,7
HP:0007481,9
HP:0010535,7
HP:0010628,3
HP:0100247,4
HP:0100716,7
HP:0100729,3
HP:0000023,6
HP:0000158,3
HP:0000189,3
HP:0000212,3
HP:0000280,3
HP:0000303,3
HP:0000336,3
HP:0000365,22
HP:0000389,22
HP:0000400,22
HP:0000518,11
HP:0000687,3
HP:0000689,3
HP:0000708,7
HP:0000738,7
HP:0001263,7
HP:0001369,15
HP:0001385,15
HP:0001744,16
HP:0002205,4
HP:0002240,17
HP:0002516,7
HP:0002652,15
HP:0002750,15
HP:0004493,3
HP:0005280,3
HP:0005978,21
HP:0006487,15
HP:0007957,11
HP:0008821,15
HP:0010807,3
HP:0010885,15
HP:0011039,22
HP:0011354,9
HP:0100240,15
HP:0000053,1
HP:0000164,3
HP:0000431,3
HP:0000670,3
HP:0000750,7
HP:0000768,15
HP:0001387,15
HP:0001537,6
HP:0001763,24
HP:0001999,3
HP:0002024,17
HP:0002684,3
HP:0002997,15
HP:0003103,15
HP:0003196,3
HP:0003468,15
HP:0004337,13
HP:0004568,15
HP:0008430,15
HP:0008551,22
HP:0011276,9
HP:0012068,13
HP:0012471,3
HP:0100660,7
HP:0000252,7
HP:0000319,3
HP:0000407,22
HP:0000463,3
HP:0000505,11
HP:0000574,3
HP:0000648,11
HP:0001319,2
HP:0002208,9
HP:0003134,7
HP:0004322,0
HP:0007307,7
HP:0007703,11
HP:0008064,9
HP:0008155,1
HP:0010059,15
HP:0011304,15
HP:0005247,2
HP:0000618,11
HP:0000649,11
HP:0001276,7
HP:0001371,15
HP:0002020,17
HP:0004372,7
HP:0008872,17
HP:0100543,7
HP:0000083,1
HP:0000093,1
HP:0000112,1
HP:0000124,1
HP:0000488,11
HP:0000613,11
HP:0000733,7
HP:0000823,21
HP:0001256,7
HP:0001409,5
HP:0001944,13
HP:0001945,13
HP:0001959,7
HP:0002013,17
HP:0002148,13
HP:0002748,15
HP:0002900,13
HP:0003198,2
HP:0003355,1
HP:0006824,7
HP:0009806,21
HP:0012378,7
HP:0100651,21
HP:0000478,11
HP:0000504,11
HP:0000939,15
HP:0001386,15
HP:0001482,9
HP:0001601,4
HP:0001615,12
HP:0002206,4
HP:0002829,15
HP:0003199,2
HP:0007470,9
HP:0010729,3
HP:0000248,3
HP:0000943,15
HP:0001063,9
HP:0001597,9
HP:0001626,5
HP:0001640,5
HP:0002510,7
HP:0005264,17
HP:0005595,9
HP:0010864,7
HP:0011220,3
HP:0100578,6
HP:0001639,5
HP:0001678,5
HP:0001939,13
HP:0002094,4
HP:0002097,4
HP:0002747,4
HP:0003236,13
HP:0003324,2
HP:0003457,2
HP:0009023,2
HP:0011675,5
HP:0000293,3
HP:0001943,13
HP:0002155,13
HP:0002721,16
HP:0001410,17
HP:0001541,17
HP:0012115,16
HP:0100022,7
HP:0001903,10
HP:0002149,13
HP:0002486,2
HP:0003202,2
HP:0009051,2
HP:0000162,3
HP:0000175,3
HP:0000343,3
HP:0000347,3
HP:0005916,15
HP:0100777,15
HP:0001876,10
HP:0001878,10
HP:0001907,10
HP:0005528,10
HP:0100724,10
HP:0000980,9
HP:0001658,5
HP:0001681,5
HP:0001892,10
HP:0001908,10
HP:0001915,10
HP:0001977,10
HP:0002027,7
HP:0002092,4
HP:0002204,5
HP:0002326,7
HP:0002863,10
HP:0003641,1
HP:0012211,1
HP:0012492,7
HP:0004808,10
HP:0000962,9
HP:0000982,9
HP:0001036,9
HP:0002664,8
HP:0008404,9
HP:0011367,9
HP:0040189,9
HP:0008066,9
HP:0012034,8
HP:0100816,3
HP:0000956,9
HP:0000969,13
HP:0000989,9
HP:0030078,4
HP:0000086,1
HP:0005789,15
HP:0000958,9
HP:0000988,9
HP:0000992,9
HP:0001034,9
HP:0003765,9
HP:0010783,9
HP:0012733,9
HP:0100585,9
HP:0200034,9
HP:0200037,9
HP:0200042,9
HP:0000737,7
HP:0000763,7
HP:0001172,15
HP:0001824,0
HP:0002123,7
HP:0002676,3
HP:0004374,7
HP:0009830,7
HP:0010318,2
HP:0011968,17
HP:0000179,3
HP:0000246,15
HP:0000885,15
HP:0000944,15
HP:0001654,5
HP:0030680,5
HP:0002656,15
HP:0002788,3
HP:0003300,15
HP:0003521,15
HP:0007759,11
HP:0009928,3
HP:0100790,6
HP:0000278,3
HP:0000486,11
HP:0000684,3
HP:0000703,3
HP:0000774,15
HP:0000926,15
HP:0001522,19
HP:0001643,5
HP:0002098,4
HP:0002673,15
HP:0002983,15
HP:0003278,15
HP:0004279,15
HP:0005692,15
HP:0010579,15
HP:0000187,3
HP:0000286,3
HP:0000485,11
HP:0000765,15
HP:0000963,9
HP:0001048,5
HP:0001131,11
HP:0001498,15
HP:0001635,5
HP:0002230,9
HP:0003026,15
HP:0009092,3
HP:0011344,7
HP:0012639,7
HP:0100679,9
HP:0200020,11
HP:0000268,3
HP:0000629,3
HP:0001376,15
HP:0001773,15
HP:0001863,15
HP:0002645,3
HP:0002756,15
HP:0009824,15
HP:0011120,3
HP:0000529,11
HP:0000762,7
HP:0001336,7
HP:0001350,7
HP:0003312,15
HP:0003461,13
HP:0010306,15
HP:0012061,13
HP:0000232,3
HP:0000512,11
HP:0000691,3
HP:0001344,7
HP:0002816,15
HP:0004345,13
HP:0004422,3
HP:0005105,3
HP:0007281,7
HP:0011020,13
HP:0000269,3
HP:0000364,22
HP:0001061,9
HP:0001646,5
HP:0003272,15
HP:0004349,15
HP:0008818,15
HP:0002333,7
HP:0004343,13
HP:0007272,7
HP:0000010,1
HP:0000160,3
HP:0000217,3
HP:0000225,3
HP:0000230,3
HP:0000790,1
HP:0000934,15
HP:0001000,9
HP:0001025,9
HP:0001053,9
HP:0001072,9
HP:0001394,17
HP:0001637,5
HP:0001697,5
HP:0001701,5
HP:0002034,17
HP:0002091,4
HP:0002113,4
HP:0002239,5
HP:0002354,7
HP:0002575,4
HP:0002577,17
HP:0002754,15
HP:0002793,4
HP:0002797,15
HP:0002960,16
HP:0003326,2
HP:0004326,0
HP:0004378,17
HP:0012718,17
HP:0012722,5
HP:0012735,4
HP:0100261,15
HP:0100526,4
HP:0100579,9
HP:0100614,16
HP:0100639,1
HP:0100749,7
HP:0100758,13
HP:0100825,3
HP:0000028,1
HP:0000717,7
HP:0000966,9
HP:0007018,7
HP:0001004,13
HP:0001789,23
HP:0001840,15
HP:0002103,4
HP:0004607,15
HP:0005019,15
HP:0010655,15
HP:0012368,3
HP:0100026,5
HP:0100625,15
HP:0000137,1
HP:0000837,7
HP:0000879,15
HP:0001510,0
HP:0001511,0
HP:0002967,15
HP:0003492,21
HP:0006610,14
HP:0006709,14
HP:0008209,1
HP:0008222,1
HP:0008897,0
HP:0012774,0
HP:0040073,15
HP:0000403,22
HP:0000465,3
HP:0000474,3
HP:0000475,3
HP:0000739,7
HP:0000758,7
HP:0000786,1
HP:0001952,13
HP:0000869,1
HP:0000872,21
HP:0000914,15
HP:0001328,7
HP:0001397,17
HP:0001531,0
HP:0001800,9
HP:0002162,3
HP:0002705,3
HP:0002910,17
HP:0005113,5
HP:0005689,9
HP:0006438,15
HP:0006456,15
HP:0007477,9
HP:0009759,15
HP:0010044,15
HP:0010047,15
HP:0010510,15
HP:0000085,1
HP:0000476,3
HP:0000545,11
HP:0000842,21
HP:0000987,9
HP:0000995,9
HP:0001045,9
HP:0001231,9
HP:0001395,17
HP:0001596,9
HP:0001631,5
HP:0001647,5
HP:0001657,5
HP:0001680,5
HP:0001812,9
HP:0001831,15
HP:0002608,16
HP:0002611,17
HP:0003067,15
HP:0003186,14
HP:0003764,9
HP:0005603,9
HP:0003077,13
HP:0008572,22
HP:0009118,3
HP:0011307,15
HP:0012434,7
HP:0100646,21
HP:0000150,1
HP:0000471,5
HP:0002037,16
HP:0002613,17
HP:0002647,5
HP:0002861,8
HP:0004383,5
HP:0004386,16
HP:0005294,5
HP:0008678,1
HP:0012758,7
HP:0002066,7
HP:0002070,7
HP:0002141,7
HP:0003487,7
HP:0009130,2
HP:0010831,7
HP:0000570,11
HP:0001310,7
HP:0001638,5
HP:0001760,24
HP:0001761,24
HP:0002080,7
HP:0002522,7
HP:0002527,7
HP:0002839,1
HP:0003390,7
HP:0007010,7
HP:0010873,7
HP:0030183,22
HP:0001332,7
HP:0002540,7
HP:0002546,7
HP:0003431,7
HP:0007663,11
HP:0000044,1
HP:0000924,15
HP:0000929,3
HP:0001081,17
HP:0001873,10
HP:0001935,10
HP:0004370,13
HP:0004936,10
HP:0011031,13
HP:0011902,10
HP:0000952,9
HP:0001971,16
HP:0010978,16
HP:0001738,17
HP:0004313,10
HP:0003100,15
HP:0001644,5
HP:0001315,7
HP:0006785,2
HP:0000912,15
HP:0001771,2
HP:0002515,7
HP:0002987,2
HP:0003141,13
HP:0003306,15
HP:0003418,7
HP:0003458,2
HP:0003691,15
HP:0003805,2
HP:0004631,15
HP:0008948,2
HP:0008956,2
HP:0008994,2
HP:0008997,2
HP:0011807,2
HP:0030117,2
HP:0040083,7
HP:0005115,5
HP:0009125,6
HP:0001605,7
HP:0005155,5
HP:0000091,1
HP:0000100,1
HP:0000298,3
HP:0000377,22
HP:0000411,22
HP:0000597,11
HP:0000662,11
HP:0000725,7
HP:0000829,21
HP:0000830,7
HP:0000836,21
HP:0000853,21
HP:0001012,8
HP:0001103,11
HP:0001123,11
HP:0001716,5
HP:0004942,5
HP:0001733,16
HP:0001969,1
HP:0002039,17
HP:0002069,7
HP:0002076,7
HP:0002104,4
HP:0002119,7
HP:0002120,7
HP:0002150,1
HP:0002151,13
HP:0002269,7
HP:0002381,7
HP:0002401,7
HP:0002578,2
HP:0002637,7
HP:0002804,15
HP:0003128,13
HP:0003200,2
HP:0003287,13
HP:0003401,7
HP:0003737,2
HP:0005214,17
HP:0007360,7
HP:0007420,9
HP:0008207,21
HP:0012377,11
HP:0100576,11
HP:0100613,19
HP:0100820,1
HP:0000499,3
HP:0008046,11
HP:0100540,3
HP:0000590,11
HP:0001709,5
HP:0004622,15
HP:0001270,7
HP:0001374,15
HP:0001388,15
HP:0001762,24
HP:0001989,23
HP:0002047,13
HP:0003388,7
HP:0003552,2
HP:0003749,2
HP:0003798,2
HP:0003803,2
HP:0002483,7
HP:0000135,1
HP:0000426,3
HP:0000430,3
HP:0000506,3
HP:0000534,3
HP:0000633,11
HP:0001100,11
HP:0002216,9
HP:0002251,7
HP:0002595,17
HP:0004388,17
HP:0005599,9
HP:0004875,4
HP:0010548,2
HP:0011809,2
HP:0012892,3
HP:0012899,2
HP:0012900,2
HP:0012901,2
HP:0012903,2
HP:0012904,2
HP:0031372,2
HP:0008153,7
HP:0011042,13
HP:0000029,1
HP:0000818,21
HP:0002827,15
HP:0004299,6
HP:0006887,7
HP:0010935,1
HP:0011362,9
HP:0011705,5
HP:0100335,3
HP:0000337,3
HP:0000567,3
HP:0000609,11
HP:0001321,7
HP:0002063,7
HP:0002342,7
HP:0000491,11
HP:0001097,3
HP:0000492,3
HP:0000498,3
HP:0011457,3
HP:0011496,11
HP:0012375,3
HP:0000154,3
HP:0000322,3
HP:0000457,3
HP:0000568,3
HP:0000883,15
HP:0002866,15
HP:0005871,15
HP:0006028,15
HP:0008364,15
HP:0008905,15
HP:0000026,1
HP:0000047,1
HP:0000490,3
HP:0000709,7
HP:0000815,1
HP:0004209,15
HP:0001792,9
HP:0008187,21
HP:0008734,1
HP:0004440,3
HP:0011999,7
HP:0040171,21
HP:0100962,7
HP:0200055,15
HP:0000735,7
HP:0012646,1
HP:0000524,5
HP:0000873,21
HP:0001014,9
HP:0001653,5
HP:0001712,5
HP:0002321,22
HP:0002571,17
HP:0002823,15
HP:0003119,13
HP:0004306,5
HP:0006510,4
HP:0011710,5
HP:0001163,15
HP:0001786,24
HP:0002186,7
HP:0002308,7
HP:0009738,22
HP:0012742,9
HP:0000271,3
HP:0000327,3
HP:0000635,11
HP:0002197,7
HP:0002392,7
HP:0007000,7
HP:0000153,3
HP:0002121,7
HP:0002373,7
HP:0007207,7
HP:0000718,7
HP:0002133,7
HP:0000003,1
HP:0000077,1
HP:0000113,1
HP:0000501,11
HP:0000541,11
HP:0000572,11
HP:0001732,17
HP:0001737,17
HP:0002666,7
HP:0005306,5
HP:0005562,1
HP:0005584,1
HP:0009711,8
HP:0009715,1
HP:0100634,7
HP:0100659,7
HP:0100742,5
HP:0100761,5
HP:0100763,16
HP:0100799,22
HP:0000368,22
HP:0001080,17
HP:0001407,17
HP:0002612,17
HP:0100720,22
HP:0000054,1
HP:0000359,22
HP:0000396,22
HP:0000458,3
HP:0000612,3
HP:0001291,7
HP:0009906,22
HP:0011382,22
HP:0000008,1
HP:0000048,1
HP:0000066,1
HP:0000204,3
HP:0000275,3
HP:0000324,3
HP:0000453,3
HP:0000528,3
HP:0000722,7
HP:0001561,23
HP:0001636,5
HP:0001671,5
HP:0010751,3
HP:0011611,5
HP:0100736,3
HP:0000076,1
HP:0000126,1
HP:0000384,3
HP:0000625,3
HP:0000632,11
HP:0000772,15
HP:0000834,21
HP:0001156,15
HP:0001305,3
HP:0001360,7
HP:0001883,24
HP:0002553,3
HP:0002937,15
HP:0002992,15
HP:0004348,15
HP:0010443,15
HP:0010669,3
HP:0001065,9
HP:0001166,15
HP:0001519,0
HP:0001533,0
HP:0002108,4
HP:0004970,5
HP:0012432,7
HP:0000678,3
HP:0001083,11
HP:0001132,11
HP:0001382,15
HP:0001634,5
HP:0003179,15
HP:0005059,15
HP:0007800,3
HP:0012019,11
HP:0012369,3
HP:0100775,7
HP:0000494,3
HP:0002105,4
HP:0002435,7
HP:0002636,5
HP:0002996,15
HP:0003302,15
HP:0004382,15
HP:0004927,5
HP:0004933,5
HP:0006687,5
HP:0007676,11
HP:0007720,11
HP:0012499,5
HP:0007354,7
HP:0002180,7
HP:0007373,7
HP:0002795,4
HP:0002878,4
HP:0003394,2
HP:0003470,7
HP:0012531,7
HP:0030192,7
HP:0030195,7
HP:0030196,7
HP:0000713,7
HP:0025425,4
HP:0000035,1
HP:0000147,1
HP:0001888,10
HP:0002715,16
HP:0003220,13
HP:0005374,16
HP:0007495,9
HP:0007565,9
HP:0008065,9
HP:0010515,21
HP:0003003,8
HP:0004394,8
HP:0004783,8
HP:0005227,8
HP:0007400,9
HP:0010614,8
HP:0011068,3
HP:0011069,3
HP:0100006,7
HP:0100242,8
HP:0000726,7
HP:0001608,12
HP:0000144,1
HP:0000194,3
HP:0000235,3
HP:0000405,22
HP:0000582,3
HP:0001006,9
HP:0001852,15
HP:0002023,17
HP:0002714,3
HP:0006733,10
HP:0007328,7
HP:0007598,9
HP:0010808,3
HP:0100830,22
HP:0001259,7
HP:0003011,2
HP:0000311,3
HP:0001798,9
HP:0007973,11
HP:0000455,3
HP:0003042,15
HP:0003071,15
HP:0011849,15
HP:0000130,1
HP:0000385,22
HP:0000627,11
HP:0000682,6
HP:0000778,21
HP:0001136,3
HP:0001281,2
HP:0001641,5
HP:0000089,1
HP:0000262,3
HP:0000276,3
HP:0000414,3
HP:0000600,3
HP:0000979,9
HP:0001051,9
HP:0001161,15
HP:0001611,12
HP:0001629,5
HP:0001660,5
HP:0001829,15
HP:0001872,10
HP:0002099,4
HP:0002139,7
HP:0002414,7
HP:0002566,17
HP:0002619,5
HP:0002691,3
HP:0002901,13
HP:0002999,15
HP:0005435,10
HP:0002101,4
HP:0007271,7
HP:0007302,7
HP:0011324,3
HP:0011662,5
HP:0012303,5
HP:0012732,17
HP:0100735,5
HP:0100750,4
HP:0100753,7
HP:0100765,16
HP:0004870,10
HP:0002719,16
HP:0001743,16
HP:0001891,10
HP:0001894,10
HP:0001923,10
HP:0001974,10
HP:0011981,17
HP:0000707,7
HP:0001396,17
HP:0002597,5
HP:0003259,13
HP:0008282,13
HP:0011904,10
HP:0012418,4
HP:0025435,13
HP:0001931,10
HP:0005518,10
HP:0002970,15
HP:0000027,1
HP:0000121,1
HP:0000219,3
HP:0000557,11
HP:0000615,11
HP:0000646,11
HP:0000679,3
HP:0000704,3
HP:0000787,1
HP:0000843,21
HP:0000859,21
HP:0001284,7
HP:0002002,3
HP:0002049,1
HP:0002209,3
HP:0002213,9
HP:0002749,15
HP:0002757,15
HP:0002902,13
HP:0003124,13
HP:0005469,3
HP:0007513,9
HP:0007731,11
HP:0008069,9
HP:0009804,3
HP:0010471,13
HP:0011527,11
HP:0100493,13
HP:0100512,13
HP:0100530,13
HP:0100589,1
HP:0100612,3
HP:0100835,7
HP:0009919,11
HP:0012334,17
HP:0030404,7
HP:0030688,21
HP:0100570,7
HP:0006744,21
HP:0002897,21
HP:0003072,13
HP:0003165,21
HP:0008208,21
HP:0012091,17
HP:0000825,21
HP:0000845,7
HP:0000854,21
HP:0001031,9
HP:0002014,17
HP:0002044,8
HP:0002574,7
HP:0002893,7
HP:0004398,17
HP:0006767,7
HP:0008256,21
HP:0008283,21
HP:0010615,8
HP:0011760,7
HP:0011761,7
HP:0012197,21
HP:0100633,16
HP:0003118,21
HP:0007449,9
HP:0008291,7
HP:0012030,1
HP:0100522,21
HP:0000388,22
HP:0002003,3
HP:0003564,13
HP:0000421,3
HP:0001633,5
HP:0002380,7
HP:0010522,7
HP:0010526,7
HP:0012819,5
HP:0100248,7
HP:0100584,5
HP:0100776,3
HP:0008736,1
HP:0010720,9
HP:0000509,3
HP:0001287,7
HP:0001875,10
HP:0002028,17
HP:0002088,4
HP:0004432,10
HP:0006532,4
HP:0100658,6
HP:0100806,16
HP:0100838,9
HP:0001085,11
HP:0002187,7
HP:0002777,4
HP:0003510,0
HP:0000294,3
HP:0001171,15
HP:0003416,15
HP:0000140,1
HP:0000978,9
HP:0001155,24
HP:0002312,7
HP:0002355,7
HP:0002653,7
HP:0004324,0
HP:0006554,17
HP:0030214,7
HP:0200032,11
HP:0200119,16
HP:0030502,11
HP:0000493,11
HP:0000551,11
HP:0000603,11
HP:0000608,11
HP:0000610,11
HP:0007704,11
HP:0007722,11
HP:0007814,11
HP:0008002,11
HP:0030329,11
HP:0008059,11
HP:0030500,11
HP:0000964,9
HP:0000967,9
HP:0001879,10
HP:0002170,7
HP:0002248,5
HP:0002488,10
HP:0002573,5
HP:0002633,5
HP:0002665,10
HP:0003010,10
HP:0005558,10
HP:0006535,5
HP:0011029,5
HP:0011869,10
HP:0011875,10
HP:0100774,15
HP:0000014,1
HP:0000015,1
HP:0000025,1
HP:0000075,1
HP:0000125,1
HP:0000307,3
HP:0000348,3
HP:0000464,3
HP:0000581,3
HP:0000668,3
HP:0000960,15
HP:0001052,9
HP:0001181,15
HP:0001297,7
HP:0001361,11
HP:0001582,9
HP:0001609,12
HP:0001642,5
HP:0001822,15
HP:0002035,17
HP:0002071,7
HP:0002183,7
HP:0002253,17
HP:0002623,5
HP:0002644,15
HP:0002974,15
HP:0003028,15
HP:0003298,7
HP:0003422,15
HP:0004295,17
HP:0004305,7
HP:0004381,5
HP:0004428,3
HP:0004969,5
HP:0005344,5
HP:0006482,3
HP:0007372,7
HP:0008053,11
HP:0008499,11
HP:0008661,1
HP:0010662,7
HP:0010780,22
HP:0010880,23
HP:0011001,15
HP:0012433,7
HP:0100025,7
HP:0100539,3
HP:0100545,5
HP:0100785,7
HP:0100817,1
HP:0200021,15
HP:0000078,1
HP:0000079,1
HP:0000159,3
HP:0000288,3
HP:0000520,3
HP:0000647,11
HP:0000776,2
HP:0000902,15
HP:0000925,15
HP:0001028,5
HP:0001177,15
HP:0001362,3
HP:0001558,23
HP:0002144,7
HP:0003363,0
HP:0006655,15
HP:0006703,4
HP:0007385,9
HP:0008830,15
HP:0009778,15
HP:0009890,3
HP:0010109,15
HP:0002867,15
HP:0002870,7
HP:0008803,15
HP:0008873,0
HP:0008921,0
HP:0009811,15
HP:0011800,3
HP:0100818,15
HP:0001268,7
HP:0002075,7
HP:0002073,7
HP:0001138,11
HP:0001152,11
HP:0001265,7
HP:0001266,7
HP:0002078,7
HP:0002345,7
HP:0010867,7
HP:0030890,7
HP:0000643,3
HP:0012048,7
HP:0000444,3
HP:0000579,3
HP:0009832,15
HP:0010562,9
HP:0100760,15
HP:0000260,3
HP:0000637,3
HP:0001238,15
HP:0002693,3
HP:0002942,15
HP:0003180,15
HP:0003366,15
HP:0006454,15
HP:0008783,15
HP:0011326,3
HP:0007894,11
HP:0011329,3
HP:0100558,15
HP:0002879,15
HP:0000174,3
HP:0000215,3
HP:0000306,3
HP:0001832,15
HP:0002164,9
HP:0002212,9
HP:0004634,15
HP:0005069,15
HP:0005622,15
HP:0006394,15
HP:0007665,3
HP:0008496,3
HP:0008839,15
HP:0009103,15
HP:0009937,9
HP:0011829,3
HP:0000771,14
HP:0001399,17
HP:0001987,13
HP:0002021,17
HP:0001933,9
HP:0002040,17
HP:0004420,10
HP:0000040,1
HP:0001525,0
HP:0004405,14
HP:0010312,14
HP:0010458,1
HP:0000239,3
HP:0001024,9
HP:0001363,3
HP:0010781,9
HP:0001562,23
HP:0100602,23
HP:0011405,0
HP:0007763,11
HP:0000622,11
HP:0007924,11
HP:0200125,13
HP:0000576,11
HP:0012841,11
HP:0002174,7
HP:0004309,5
HP:0003002,14
HP:0005701,15
HP:0006765,15
HP:0007461,5
HP:0009592,7
HP:0100021,7
HP:0100615,1
HP:0100641,21
HP:0100733,21
HP:0001331,7
HP:0000098,0
HP:0001480,9
HP:0002315,7
HP:0002858,7
HP:0007440,9
HP:0009732,7
HP:0009737,3
HP:0001909,10
HP:0002086,4
HP:0005506,10
HP:0007378,8
HP:0009735,7
HP:0010786,1
HP:0001254,7
HP:0001699,19
HP:0007359,7
HP:0000233,3
HP:0000375,22
HP:0000446,3
HP:0000532,11
HP:0000601,3
HP:0004327,11
HP:0005293,5
HP:0007833,11
HP:0007968,11
HP:0008063,11
HP:0100012,11
HP:0100718,1
HP:0000666,11
HP:0002268,7
HP:0002356,7
HP:0007104,7
HP:0007332,7
HP:0011295,7
HP:0012012,7
HP:0001874,10
HP:0100523,16
HP:0100533,11
HP:0100721,16
HP:0007939,11
HP:0000510,11
HP:0000543,11
HP:0001133,11
HP:0003701,2
HP:0003739,7
HP:0007117,7
HP:0007240,7
HP:0012751,7
HP:0030588,11
HP:0008316,13
HP:0000360,22
HP:0009193,15
HP:0009595,7
HP:0002231,9
HP:0009882,15
HP:0010803,3
HP:0100840,3
HP:0000527,3
HP:0003131,1
HP:0002591,7
HP:0010054,15
HP:0010058,15
HP:0011987,15
HP:0011989,15
HP:0002948,15
HP:0004408,3
HP:0008422,15
HP:0010610,9
HP:0010612,9
HP:0000325,3
HP:0000391,22
HP:0001928,10
HP:0004415,5
HP:0011381,22
HP:0000308,3
HP:0001620,12
HP:0200046,12
HP:0000037,1
HP:0000062,1
HP:0000789,1
HP:0000795,1
HP:0001997,15
HP:0002448,7
HP:0002669,15
HP:0002894,8
HP:0004375,7
HP:0100273,8
HP:0001942,13
HP:0100732,17
HP:0002211,9
HP:0004414,5
HP:0001167,15
HP:0001258,7
HP:0002779,4
HP:0002817,24
HP:0005048,15
HP:0010554,15
HP:0010804,3
HP:0011364,9
HP:0100490,2
HP:0000142,1
HP:0000143,1
HP:0001140,3
HP:0001199,15
HP:0001545,17
HP:0001770,15
HP:0004792,1
HP:0009465,15
HP:0009912,22
HP:0009944,15
HP:0010331,15
HP:0010481,1
HP:0010760,15
HP:0100559,0
HP:0000664,3
HP:0001595,9
HP:0002226,3
HP:0002227,3
HP:0008527,22
HP:0002153,13
HP:0003712,2
HP:0003752,2
HP:0007215,7
HP:0000069,1
HP:0000205,3
HP:0000211,3
HP:0000482,11
HP:0001239,2
HP:0001557,23
HP:0001621,12
HP:0002812,15
HP:0003044,15
HP:0003273,15
HP:0004325,0
HP:0005830,2
HP:0007740,3
HP:0008056,11
HP:0009743,3
HP:0010508,15
HP:0012544,13
HP:0100569,15
HP:0100795,15
HP:0100813,1
HP:0000592,11
HP:0000889,15
HP:0000974,9
HP:0008434,15
HP:0009381,15
HP:0009623,15
HP:0009748,22
HP:0009773,15
HP:0001919,1
HP:0002011,7
HP:0011227,13
HP:0001871,10
HP:0002904,13
HP:0012726,13
HP:0004303,2
HP:0008180,13
HP:0012240,2
HP:0009020,2
HP:0011998,13
HP:0003694,2
HP:0002203,7
HP:0006670,5
HP:0011481,3
HP:0000074,1
HP:0011388,22
HP:0000402,22
HP:0000413,22
HP:0004452,22
HP:0008586,22
HP:0009796,3
HP:0002138,7
HP:0200008,8
HP:0001082,17
HP:0001342,7
HP:0011025,5
HP:0100784,5
HP:0000270,3
HP:0001357,3
HP:0011386,22
HP:0005037,15
HP:0009899,22
HP:0000366,3
HP:0001003,9
HP:0002672,8
HP:0005244,17
HP:0006725,8
HP:0008675,1
HP:0011024,17
HP:0012126,8
HP:0012720,3
HP:0030079,1
HP:0100574,8
HP:0100582,3
HP:0100644,9
HP:0100669,3
HP:0100743,8
HP:0100751,8
HP:0100833,8
HP:0007299,7
HP:0100627,1
HP:0008665,1
HP:0000157,3
HP:0001088,11
HP:0001622,23
HP:0002126,7
HP:0006829,2
HP:0008167,13
HP:0009891,3
HP:0012736,7
HP:0000588,3
HP:0000892,15
HP:0000921,15
HP:0001302,7
HP:0001338,7
HP:0002036,6
HP:0002884,8
HP:0003305,15
HP:0003316,15
HP:0005338,3
HP:0005815,15
HP:0010759,3
HP:0011343,7
HP:0012469,7
HP:0001881,10
HP:0007626,3
HP:0000563,11
HP:0003022,15
HP:0003189,3
HP:0004617,15
HP:0006571,17
HP:0001272,7
HP:0002067,7
HP:0002716,16
HP:0007730,11
HP:0011358,9
HP:0012145,10
HP:0004467,3
HP:0100542,1
HP:0005107,15
HP:0200063,8
HP:0002582,17
HP:0003270,17
HP:0001392,17
HP:0000036,1
HP:0000221,3
HP:0000820,21
HP:0001317,7
HP:0004390,8
HP:0006731,21
HP:0009720,3
HP:0012032,8
HP:0012062,15
HP:0012114,1
HP:0012740,9
HP:0100031,21
HP:0100780,3
HP:0000445,3
HP:0000940,15
HP:0001176,24
HP:0001182,15
HP:0001500,15
HP:0001702,5
HP:0001804,9
HP:0002191,7
HP:0002868,15
HP:0006288,3
HP:0007370,7
HP:0010049,15
HP:0010788,1
HP:0100013,14
HP:0002224,9
HP:0002617,5
HP:0006579,9
HP:0008070,9
HP:0008368,15
HP:0000090,1
HP:0000766,15
HP:0001162,15
HP:0001830,15
HP:0000072,1
HP:0000202,3
HP:0003043,15
HP:0009755,3
HP:0009943,15
HP:0000068,1
HP:0000073,1
HP:0000340,3
HP:0001696,5
HP:0001746,16
HP:0001747,16
HP:0002084,3
HP:0002323,7
HP:0006706,17
HP:0006870,7
HP:0010295,3
HP:0010459,1
HP:0000039,1
HP:0000190,3
HP:0001241,15
HP:0001651,5
HP:0005561,10
HP:0006695,5
HP:0011065,3
HP:0011830,3
HP:0001612,12
HP:0002375,7
HP:0003560,2
HP:0003741,2
HP:0009025,6
HP:0030091,2
HP:0030234,13
HP:0100295,2
HP:0002181,7
HP:0002446,7
HP:0002783,4
HP:0002835,4
HP:0005216,7
HP:0010754,3
HP:0012747,7
HP:0001339,7
HP:0002058,3
HP:0002791,4
HP:0004878,15
HP:0006879,7
HP:0007141,7
HP:0012664,5
HP:0000798,1
HP:0003251,1
HP:0008669,1
HP:0011961,1
HP:0000544,11
HP:0003693,2
HP:0012074,11
HP:0001540,2
HP:0001901,10
HP:0002667,1
HP:0002859,8
HP:0003006,7
HP:0005487,3
HP:0006254,13
HP:0008186,21
HP:0008676,1
HP:0012090,17
HP:0030255,8
HP:0100243,8
HP:0000852,21
HP:0001520,0
HP:0000105,1
HP:0000363,22
HP:0001139,11
HP:0001528,0
HP:0001539,6
HP:0001998,13
HP:0003271,17
HP:0005616,15
HP:0006267,23
HP:0008523,22
HP:0009908,22
HP:0030720,23
HP:0100555,0
HP:0100876,3
HP:0430026,3
HP:0000329,8
HP:0000362,22
HP:0000193,3
HP:0000244,3
HP:0002032,17
HP:0004397,17
HP:0004487,3
HP:0004635,15
HP:0009601,15
HP:0011380,22
HP:0002301,7
HP:0000473,2
HP:0006855,7
HP:0000656,3
HP:0001019,9
HP:0001107,11
HP:0000483,11
HP:0001623,23
HP:0003327,2
HP:0005855,15
HP:0000602,11
HP:0000775,2
HP:0001349,3
HP:0002089,4
HP:0007514,13
HP:0003325,2
HP:0003557,2
HP:0003722,3
HP:0009027,2
HP:0030198,7
HP:0002877,4
HP:0030200,7
HP:0001290,2
HP:0002792,4
HP:0002068,7
HP:0003546,2
HP:0003690,2
HP:0009055,2
HP:0009058,2
HP:0000467,3
HP:0002671,9
HP:0006739,9
HP:0007750,11
HP:0003484,2
HP:0031047,10
HP:0007340,2
HP:0010546,7
HP:0001348,7
HP:0002061,7
HP:0002166,7
HP:0002362,7
HP:0011448,7
HP:0012514,7
HP:0001059,15
HP:0002314,7
HP:0007020,7
HP:0100561,7
HP:0000012,1
HP:0002064,7
HP:0007350,7
HP:0008075,24
HP:0002921,7
HP:0012898,7
HP:0011342,7
HP:0001298,7
HP:0003542,13
HP:0009126,6
HP:0003393,2
HP:0003392,2
HP:0003426,2
HP:0003427,2
HP:0009031,2
HP:0009053,2
HP:0006892,7
HP:0000020,1
HP:0009049,2
HP:0000657,11
HP:0001285,7
HP:0002079,7
HP:0002359,7
HP:0006895,7
HP:0007325,7
HP:0007366,7
HP:0007371,7
HP:0011096,7
HP:0005656,24
HP:0010677,1
HP:0012677,7
HP:0100515,1
HP:0000046,1
HP:0000370,22
HP:0000561,3
HP:0002006,3
HP:0005990,21
HP:0009795,3
HP:0011219,3
HP:0011109,3
HP:0100338,3
HP:0410031,3
HP:0000161,3
HP:0008501,3
HP:0000059,1
HP:0000667,11
HP:0000965,9
HP:0001956,0
HP:0002557,14
HP:0002580,17
HP:0008850,0
HP:0010034,15
HP:0010300,12
HP:0012165,15
HP:0000289,3
HP:0000437,3
HP:0000871,7
HP:0001679,5
HP:0004409,3
HP:0006315,3
HP:0009794,3
HP:0009914,3
HP:0009924,3
HP:0010301,7
HP:0010302,7
HP:0011100,17
HP:0100336,3
HP:0100596,3
HP:0007443,9
HP:0007544,9
HP:0001669,5
HP:0000320,3
HP:0002718,16
HP:0004429,16
HP:0005403,10
HP:0010976,10
HP:0000055,1
HP:0004097,15
HP:0008689,1
HP:0002814,24
HP:0003275,15
HP:0008388,9
HP:0100810,22
HP:0100553,0
HP:0100554,0
HP:0100764,8
HP:0005988,3
HP:0000383,3
HP:0100257,15
HP:0001581,9
HP:0002110,4
HP:0003473,7
HP:0000705,3
HP:0002090,4
HP:0002841,16
HP:0011084,3
HP:0011274,16
HP:0000970,9
HP:0011079,3
HP:0100798,9
HP:0001803,9
HP:0001807,9
HP:0005597,9
HP:0002586,16
HP:0000132,1
HP:0030016,1
HP:0100608,1
HP:0000033,1
HP:0000051,1
HP:0100779,1
HP:0010741,13
HP:0006597,7
HP:0007009,7
HP:0005212,17
HP:0008410,9
HP:0200016,9
HP:0005150,5
HP:0011702,5
HP:0002217,9
HP:0005108,15
HP:0006498,15
HP:0008398,9
HP:0009239,15
HP:0011937,9
HP:0100371,15
HP:0000729,7
HP:0007064,7
HP:0100851,7
HP:0007086,7
HP:0000243,3
HP:0000752,7
HP:0002195,7
HP:0002363,7
HP:0007033,7
HP:0007642,11
HP:0030088,21
HP:0012871,1
HP:0040019,15
HP:0100710,7
HP:0002648,3
HP:0006889,7
HP:0005148,5
HP:0007204,7
HP:0008240,7
HP:0008513,22
HP:0012447,7
HP:0000448,3
HP:0000452,3
HP:0001650,5
HP:0001684,5
HP:0002720,10
HP:0005134,5
HP:0005164,5
HP:0011596,5
HP:0012382,5
HP:0003413,15
HP:0000479,11
HP:0001018,9
HP:0002370,7
HP:0002751,15
HP:0000692,3
HP:0001195,23
HP:0005474,3
HP:0005600,9
HP:0012056,9
HP:0000616,11
HP:0001765,15
HP:0012675,7
HP:0000711,7
HP:0002384,7
HP:0011098,7
HP:0002346,7
HP:0004887,4
HP:0009073,2
HP:0002828,15
HP:0006466,2
HP:0007126,2
HP:0007502,9
HP:0003323,2
HP:0003391,2
HP:0003551,2
HP:0003700,2
HP:0009046,2
HP:0003403,2
HP:0003687,2
HP:0100807,15
HP:0000554,11
HP:0000573,5
HP:0001810,9
HP:0001821,9
HP:0001880,10
HP:0002558,14
HP:0004050,15
HP:0005922,24
HP:0007850,11
HP:0008402,9
HP:0200043,9
HP:0001279,5
HP:0001436,2
HP:0002194,7
HP:0004488,3
HP:0005268,23
HP:0003477,7
HP:0003738,2
HP:0008981,2
HP:0012768,4
HP:0000024,1
HP:0001717,15
HP:0002621,5
HP:0004380,15
HP:0004690,15
HP:0005645,15
HP:0100550,15
HP:0100593,15
HP:0100773,15
HP:0000080,1
HP:0000802,1
HP:0001769,24
HP:0001869,9
HP:0003859,15
HP:0004099,15
HP:0006191,9
HP:0012802,3
HP:0100518,1
HP:0100607,21
HP:0100786,7
HP:0100829,14
HP:0002584,5
HP:0011073,3
HP:0000122,1
HP:0000652,3
HP:0002984,15
HP:0006501,15
HP:0007776,3
HP:0009829,15
HP:0003218,13
HP:0003526,13
HP:0000049,1
HP:0000954,9
HP:0001169,24
HP:0003319,15
HP:0005640,15
HP:0001598,9
HP:0006650,15
HP:0009780,15
HP:0010624,9
HP:0000680,3
HP:0005607,4
HP:0007016,7
HP:0000882,15
HP:0000894,15
HP:0004331,3
HP:0008391,9
HP:0001135,11
HP:0001572,3
HP:0004283,24
HP:0011308,15
HP:0100874,9
HP:0000951,9
HP:0001695,5
HP:0003110,1
HP:0006566,17
HP:0011985,17
HP:0000887,15
HP:0003411,15
HP:0003796,15
HP:0005257,15
HP:0001776,24
HP:0005879,2
HP:0010489,9
HP:0002657,15
HP:0006603,15
HP:0000127,1
HP:0000151,1
HP:0000835,21
HP:0000848,21
HP:0001197,23
HP:0001941,13
HP:0004319,21
HP:0003107,13
HP:0003154,21
HP:0012605,1
HP:0007574,9
HP:0008073,23
HP:0008163,21
HP:0008232,7
HP:0008730,1
HP:0010789,1
HP:0011106,5
HP:0011749,7
HP:0011969,21
HP:0012244,1
HP:0012245,1
HP:0012598,1
HP:0012854,1
HP:0030349,21
HP:0030369,23
HP:0001972,10
HP:0000013,1
HP:0000133,1
HP:0001271,7
HP:0002460,2
HP:0003130,7
HP:0003376,7
HP:0003434,7
HP:0006984,7
HP:0008214,21
HP:0008715,1
HP:0008723,1
HP:0010464,1
HP:0045010,7
HP:0000141,1
HP:0000953,9
HP:0000998,9
HP:0001084,11
HP:0001433,16
HP:0001954,13
HP:0002257,3
HP:0007380,9
HP:0012385,15
HP:0012724,3
HP:0030053,9
HP:0100324,9
HP:0100727,10
HP:0004490,3
HP:0005731,15
HP:0005791,15
HP:0006465,15
HP:0010702,10
HP:0100963,7
HP:0000868,1
HP:0002850,10
HP:0002860,9
HP:0004315,10
HP:0005585,9
HP:0005598,9
HP:0002478,7
HP:0008339,1
HP:0000526,11
HP:0002168,7
HP:0001838,15
HP:0010557,15
HP:0002592,17
HP:0009800,21
HP:0100016,17
HP:0002059,7
HP:0003049,15
HP:0000378,22
HP:0007651,3
HP:0009836,15
HP:0002000,3
HP:0002745,3
HP:0010450,17
HP:0100670,15
HP:0000522,11
HP:0001278,7
HP:0001649,5
HP:0002585,17
HP:0000176,3
HP:0002025,17
HP:0006721,10
HP:0009602,15
HP:0003019,15
HP:0003311,15
HP:0003498,0
HP:0003834,15
HP:0000864,21
HP:0002789,4
HP:0100453,15
HP:0008182,21
HP:0001951,13
HP:0005961,13
HP:0003217,13
HP:0009886,9
HP:0008331,13
HP:0000555,11
HP:0006385,15
HP:0100814,9
HP:0200041,9
HP:0005472,3
HP:0001718,5
HP:0012304,5
HP:0002916,13
HP:0011560,5
HP:0003281,13
HP:0003452,13
HP:0100326,16
HP:0100495,10
HP:0100725,9
HP:0000206,3
HP:0008353,1
HP:0012086,1
HP:0003161,1
HP:0003607,1
HP:0010917,13
HP:0000104,1
HP:0000636,3
HP:0008417,15
HP:0008605,22
HP:0002033,17
HP:0006380,2
HP:0012785,2
HP:0002415,7
HP:0012120,1
HP:0005110,5
HP:0010316,5
HP:0011575,5
HP:0011712,5
HP:0009918,11
HP:0011976,1
HP:0002132,7
HP:0002826,15
HP:0003336,15
HP:0002282,7
HP:0100781,15
HP:0002890,21
HP:0011387,22
HP:0004437,3
HP:0000535,3
HP:0011002,15
HP:0007817,11
HP:0003173,15
HP:0003175,15
HP:0003177,15
HP:0008479,15
HP:0005199,2
HP:0010957,1
HP:0003715,2
HP:0004418,10
HP:0010516,21
HP:0100521,21
HP:0100560,0
HP:0100730,4
HP:0000107,1
HP:0001555,15
HP:0007552,9
HP:0007818,11
HP:0007899,11
HP:0009594,3
HP:0010497,24
HP:0010566,8
HP:0010816,9
HP:0002107,4
HP:0002643,4
HP:0002781,4
HP:0008221,21
HP:0100642,21
HP:0001264,7
HP:0001814,9
HP:0004474,3
HP:0009106,15
HP:0008625,22
HP:0005245,17
HP:0001734,17
HP:0001847,15
HP:0002247,17
HP:0010761,3
HP:0000556,11
HP:0001320,7
HP:0002419,7
HP:0100867,17
HP:0002589,17
HP:0005039,15
HP:0005743,15
HP:0010230,15
HP:0005406,9
HP:0001180,15
HP:0001704,5
HP:0007650,11
HP:0008972,13
HP:0000961,9
HP:0002202,13
HP:0005180,5
HP:0011852,5
HP:0009896,22
HP:0010307,4
HP:0001188,24
HP:0007773,11
HP:0000653,3
HP:0002738,3
HP:0002896,8
HP:0004377,10
HP:0006753,8
HP:0006758,1
HP:0009726,1
HP:0012118,4
HP:0100684,3
HP:0005914,15
HP:0009751,2
HP:0100783,14
HP:0003292,21
HP:0005407,10
HP:0005419,10
HP:0008724,1
HP:0000831,21
HP:0004926,7
HP:0008245,7
HP:0000168,3
HP:0001119,11
HP:0009721,9
HP:0010620,3
HP:0100823,6
HP:0001289,7
HP:0001300,7
HP:0002185,7
HP:0002463,7
HP:0003791,2
HP:0012759,7
HP:0000734,7
HP:0010525,7
HP:0011446,7
HP:0030219,7
HP:0001882,10
HP:0006756,8
HP:0007754,11
HP:0010784,1
HP:0005592,9
HP:0000813,1
HP:0002245,17
HP:0005522,10
HP:0006265,15
HP:0007874,3
HP:0010293,3
HP:0010469,1
HP:0012041,1
HP:0012210,1
HP:0012745,3
HP:0100587,1
HP:0000071,1
HP:0001269,7
HP:0002293,3
HP:0001015,9
HP:0002305,7
HP:0100654,11
HP:0004482,3
HP:0000032,1
HP:0000855,13
HP:0001988,13
HP:0010782,9
HP:0011844,15
HP:0012412,21
HP:0000957,9
HP:0005484,3
HP:0008935,2
HP:0010305,15
HP:0030736,1
HP:0100672,1
HP:0000119,1
HP:0000891,15
HP:0002949,15
HP:0002990,15
HP:0003974,15
HP:0004717,1
HP:0006495,15
HP:0006507,15
HP:0007413,9
HP:0100694,15
HP:0100682,4
HP:0000114,1
HP:0002085,3
HP:0000991,9
HP:0001114,3
HP:0002518,7
HP:0001816,9
HP:0006872,7
HP:0004330,3
HP:0009803,15
HP:0002307,3
HP:0011499,11
HP:0000016,1
HP:0002111,4
HP:0003555,2
HP:0008800,15
HP:0008978,2
HP:0012764,4
HP:0031237,2
HP:0008963,2
HP:0100293,2
HP:0003707,2
HP:0006467,15
HP:0002943,15
HP:0000155,3
HP:0001659,5
HP:0002102,4
HP:0011107,3
HP:0012649,16
HP:0100653,11
HP:0100796,1
HP:0002875,4
HP:0006530,4
HP:0002207,4
HP:0009071,2
HP:0011703,5
HP:0100723,8
HP:0003789,2
HP:0000741,7
HP:0000751,7
HP:0007110,4
HP:0003731,2
HP:0001604,4
HP:0010550,7
HP:0000017,1
HP:0001262,7
HP:0002980,15
HP:0004586,15
HP:0002905,13
HP:0004755,5
HP:0004756,5
HP:0011964,7
HP:0012416,4
HP:0031320,5
HP:0040290,2
HP:0001722,5
HP:0002913,1
HP:0003256,10
HP:0006682,5
HP:0008942,2
HP:0009045,2
HP:3000005,3
HP:0003330,15
HP:0012719,17
HP:0008386,9
HP:0000045,1
HP:0030513,11
HP:0005288,3
HP:0008577,22
HP:0100024,7
HP:0001591,15
HP:0008050,3
HP:0100297,2
HP:0000777,21
HP:0001283,7
HP:0030006,2
HP:0030208,16
HP:0030210,16
HP:0001370,15
HP:0002725,16
HP:0003076,1
HP:0030880,5
HP:0012410,10
HP:0000169,3
HP:0002539,7
HP:0006772,1
HP:0009716,7
HP:0009718,7
HP:0009722,3
HP:0009727,11
HP:0009729,5
HP:0010310,13
HP:0010609,9
HP:0012798,8
HP:0100804,9
HP:0001751,22
HP:0008568,22
HP:0008959,2
HP:0012391,7
HP:0004976,15
HP:0005001,15
HP:0008954,2
HP:0002475,7
HP:0100811,17
HP:0005679,2
HP:0010472,13
HP:0007675,11
HP:0006335,3
HP:0001970,1
HP:0025426,4
HP:0011134,13
HP:0002273,7
HP:0002425,7
HP:0003781,3
HP:0100534,11
HP:0100665,9
HP:0200039,9
HP:0000118,20
HP:0000134,1
HP:0000811,1
HP:0000812,1
HP:0008193,21
HP:0010790,1
HP:0000030,1
HP:0012872,1
HP:0007103,7
HP:0001071,9
HP:0004491,3
HP:0008188,21
HP:0001730,22
HP:0002311,7
HP:0002385,7
HP:0003474,7
HP:0004302,2
HP:0007199,7
HP:0008969,2
HP:0000011,1
HP:0000846,21
HP:0008768,7
HP:0011733,21
HP:0002474,7
HP:0002487,7
HP:0003645,10
HP:0004691,15
HP:0008151,10
HP:0008443,15
HP:0012103,13
HP:0100537,16
HP:0100748,13
HP:0100520,1
HP:0000163,3
HP:0002955,10
HP:0003565,13
HP:0000338,3
HP:0000514,11
HP:0002172,7
HP:0002367,7
HP:0011960,7
HP:0031435,12
HP:0100315,7
HP:0008344,13
HP:0001996,13
HP:0003343,13
HP:0001980,10
HP:0007210,2
HP:0001543,17
HP:0005285,3
HP:0000358,22
HP:0001552,15
HP:0002938,15
HP:0003027,15
HP:0002421,2
HP:0002616,5
HP:0006673,5
HP:0008081,24
HP:0007333,7
HP:0011121,9
HP:0012219,9
HP:0100828,10
HP:0200036,9
HP:0000433,3
HP:0000502,3
HP:0000620,3
HP:0001010,9
HP:0002733,16
HP:0002922,7
HP:0007734,3
HP:0011801,3
HP:0011850,3
HP:0012243,1
HP:0030146,17
HP:0030872,5
HP:0040186,9
HP:0100699,6
HP:0200035,9
HP:0001367,15
HP:0001698,5
HP:0000460,3
HP:0000565,11
HP:0012376,11
HP:0007375,7
HP:0002242,17
HP:0001406,17
HP:0010837,13
HP:0011967,13
HP:0002317,7
HP:0007108,7
HP:0007361,7
HP:0007922,11
HP:0007979,11
HP:0011931,7
HP:0012104,7
HP:0012896,7
HP:0100702,7
HP:0002495,7
HP:0003438,7
HP:0010830,7
HP:0001890,10
HP:0001973,10
HP:0001904,10
HP:0007083,7
HP:0008003,11
HP:0003115,5
HP:0010794,7
HP:0200101,7
HP:0005775,15
HP:0010290,3
HP:0002324,7
HP:0002908,13
HP:0002871,4
HP:0100792,9
HP:0000571,11
HP:0000658,3
HP:0002145,7
HP:0002548,7
HP:0004373,7
HP:0007058,7
HP:0007153,7
HP:0025262,15
HP:0040081,13
HP:0000605,11
HP:0000746,7
HP:0100643,9
HP:0011658,5
HP:0100586,1
HP:0000589,3
HP:0001548,3
HP:0002885,7
HP:0005249,17
HP:0006337,3
HP:0010603,3
HP:0012424,11
HP:0025092,9
HP:0005274,3
HP:0010970,10
HP:0010987,16
HP:0012861,1
HP:0011735,21
HP:0002173,7
HP:0011748,7
HP:0002920,21
HP:0001897,10
HP:0100647,21
HP:0006462,15
HP:0003774,1
HP:0008231,21
HP:0400008,1
HP:0002179,7
HP:0002329,7
HP:0002521,7
HP:0010553,7
HP:0012440,17
HP:0010638,13
HP:0012522,9
HP:0012700,17
HP:0030168,9
HP:0100279,16
HP:0100869,9
HP:0001402,8
HP:0003073,13
HP:0003459,10
HP:0004905,13
HP:0011892,13
HP:0030153,8
HP:0040275,8
HP:0100513,13
HP:0100626,17
HP:0100575,8
HP:0005429,16
HP:0011034,13
HP:0011744,21
HP:0030521,11
HP:0030591,11
HP:0007807,11
HP:0009050,2
HP:0012246,11
HP:0000870,7
HP:0011763,7
HP:0200026,11
HP:0430022,3
HP:0001937,10
HP:0045040,13
HP:0004431,16
HP:0005339,16
HP:0005356,16
HP:0005416,16
HP:0040229,10
HP:0001580,21
HP:0002659,15
HP:0011195,7
HP:0007270,7
HP:0010818,7
HP:0010819,7
HP:0012075,7
HP:0010829,7
HP:0002361,7
HP:0010849,7
HP:0011170,7
HP:0011203,7
HP:0012658,7
HP:0200134,7
HP:0011153,7
HP:0011168,7
HP:0011167,7
HP:0011355,9
HP:0030057,16
HP:0003089,15
HP:0008946,2
HP:0009060,2
HP:0012037,2
HP:0000683,3
HP:0003155,13
HP:0003493,16
HP:0003496,10
HP:0011040,17
HP:0012203,16
HP:0003261,10
HP:0011971,9
HP:0005112,5
HP:0003481,7
HP:0010871,7
HP:0012078,7
HP:0040129,7
HP:0030237,2
HP:0010833,7
HP:0009124,6
HP:0000756,7
HP:0002267,7
HP:0012894,2
HP:0002815,15
HP:0001377,15
HP:0003184,15
HP:0006376,15
HP:0011843,15
HP:0010547,2
HP:0009113,2
HP:0008392,9
HP:0002570,17
HP:0003193,3
HP:0001047,9
HP:0002243,17
HP:0001058,9
HP:0011990,10
HP:0001818,9
HP:0003212,10
HP:0000623,11
HP:0002529,7
HP:0012535,7
HP:0000511,11
HP:0002171,7
HP:0002200,7
HP:0005213,15
HP:0005984,13
HP:0004430,16
HP:0001341,7
HP:0000387,22
HP:0008517,15
HP:0011867,15
HP:0100027,16
HP:0012379,13
HP:0030247,10
HP:0002235,9
HP:0003405,7
HP:0003429,7
HP:0005109,15
HP:0002936,7
HP:0012503,7
HP:0007479,9
HP:0000878,15
HP:0002786,4
HP:0002982,15
HP:0003038,15
HP:0006584,15
HP:0007036,7
HP:0008477,15
HP:0012364,1
HP:0001098,11
HP:0007766,11
HP:0011003,11
HP:0001055,9
HP:0002215,9
HP:0002221,9
HP:0002225,9
HP:0002555,9
HP:0008655,1
HP:0008684,1
HP:0004846,10
HP:0005261,15
HP:0000138,1
HP:0010881,23
HP:0011891,10
HP:0001748,16
HP:0004510,21
HP:0009536,15
HP:0011739,21
HP:0040084,21
HP:0002018,17
HP:0011410,23
HP:0011746,21
HP:0002865,21
HP:0003005,7
HP:0006443,15
HP:0100631,21
HP:0010964,13
HP:0012071,13
HP:0010461,1
HP:0010806,3
HP:0011328,3
HP:0000719,7
HP:0001067,7
HP:0012810,3
HP:0100797,9
HP:0001334,7
HP:0002876,4
HP:0004757,5
HP:0009777,15
HP:0003063,15
HP:0010772,5
HP:0001056,9
HP:0004782,9
HP:0003777,9
HP:0200102,3
HP:0009888,9
HP:0005625,15
HP:0010311,14
HP:0100309,7
HP:0011962,1
HP:0012873,1
HP:0001962,5
HP:0003635,6
HP:0005184,5
HP:0000876,1
HP:0001007,9
HP:0001662,5
HP:0001714,5
HP:0003414,15
HP:0012084,2
HP:0000824,7
HP:0000277,3
HP:0000677,3
HP:0003146,13
HP:0002630,17
HP:0006565,17
HP:0100508,13
HP:0001927,10
HP:0000614,3
HP:0001795,9
HP:0001805,9
HP:0001806,9
HP:0001808,9
HP:0002744,3
HP:0005011,15
HP:0005876,15
HP:0007452,3
HP:0008846,0
HP:0009466,15
HP:0000060,1
HP:0000659,11
HP:0002263,3
HP:0008569,22
HP:0100819,17
HP:0010721,9
HP:0007618,15
HP:0010468,1
HP:0012060,9
HP:0100649,3
HP:0000196,3
HP:0010286,3
HP:0100267,3
HP:0007670,22
HP:0007392,9
HP:0004311,10
HP:0012384,3
HP:0030166,9
HP:0007990,11
HP:0011365,9
HP:0006274,21
HP:0004935,5
HP:0010997,13
HP:0011133,13
HP:0100009,7
HP:0012691,7
HP:0030341,21
HP:0030344,21
HP:0007715,11
HP:0008202,7
HP:0008237,7
HP:0011442,7
HP:0011730,7
HP:0011750,7
HP:0012285,7
HP:0012505,7
HP:0030532,11
HP:0100010,7
HP:0100661,7
HP:0002512,7
HP:0006520,4
HP:0010534,7
HP:0010828,7
HP:0011752,7
HP:0030766,22
HP:0030878,4
HP:0045026,18
HP:0100648,3
HP:0000580,11
HP:0001191,15
HP:0002818,15
HP:0002986,15
HP:0003031,15
HP:0005736,15
HP:0006248,15
HP:0006459,15
HP:0000148,1
HP:0001126,3
HP:0001602,4
HP:0001607,4
HP:0003183,15
HP:0003191,3
HP:0004112,3
HP:0007925,3
HP:0007993,3
HP:0010297,3
HP:0005026,15
HP:0000201,3
HP:0000634,11
HP:0000807,1
HP:0001600,4
HP:0001706,5
HP:0008322,13
HP:0000191,3
HP:0003083,15
HP:0007601,3
HP:0000131,1
HP:0001159,15
HP:0001518,0
HP:0003187,14
HP:0004207,15
HP:0009656,15
HP:0100759,15
HP:0006863,7
HP:0010529,7
HP:0011352,7
HP:0012169,7
HP:0012443,7
HP:0003683,3
HP:0030434,9
HP:0000110,1
HP:0000577,11
HP:0002143,7
HP:0005912,17
HP:0006710,15
HP:0011044,3
HP:0011467,17
HP:0030031,15
HP:0040262,22
HP:0001655,5
HP:0011646,5
HP:0004059,15
HP:0002223,3
HP:0011224,3
HP:0003982,15
HP:0005792,15
HP:0009813,15
HP:0001430,2
HP:0007002,7
HP:0007556,9
HP:0010486,2
HP:0005938,4
HP:0008743,1
HP:0000816,13
HP:0012401,1
HP:0003085,15
HP:0004396,17
HP:0000858,21
HP:0010743,15
HP:0002869,15
HP:0010097,15
HP:0011453,22
HP:0011454,22
HP:0001839,15
HP:0003762,1
HP:0006381,15
HP:0006426,15
HP:0002688,3
HP:0003396,7
HP:0008424,15
HP:0011305,15
HP:0000698,3
HP:0003502,0
HP:0200136,3
HP:0004389,17
HP:0005203,17
HP:0006286,3
HP:0009237,15
HP:0002218,9
HP:0000021,1
HP:0001947,1
HP:0007185,7
HP:0008279,13
HP:0003348,13
HP:0004320,1
HP:0009370,15
HP:0009775,23
HP:0001092,3
HP:0011819,3
HP:0001627,5
HP:0009917,11
HP:0001087,11
HP:0002277,11
HP:0001682,5
HP:0100650,1
HP:0004039,15
HP:0001772,24
HP:0003075,13
HP:0001057,9
HP:0007506,9
HP:0006492,15
HP:0006934,11
HP:0001802,9
HP:0010185,15
HP:0009767,15
HP:0010173,15
HP:0012621,1
HP:0001215,2
HP:0001849,15
HP:0010650,3
HP:0011478,3
HP:0003070,15
HP:0004971,5
HP:0008633,1
HP:0000171,3
HP:0009939,3
HP:0100663,22
HP:0005235,17
HP:0009776,15
HP:0002304,7
HP:0004944,7
HP:0002561,14
HP:0002991,15
HP:0005772,15
HP:0000022,1
HP:0001842,15
HP:0003086,15
HP:0005900,15
HP:0001817,9
HP:0006970,7
HP:0001799,9
HP:0009988,15
HP:0004712,1
HP:0004736,1
HP:0009650,15
HP:0006011,15
HP:0006014,15
HP:0008890,0
HP:0010285,3
HP:0002668,7
HP:0002717,21
HP:0012500,9
HP:0031428,21
HP:0000805,1
HP:0003127,1
HP:0004727,1
HP:0012365,1
HP:0010850,7
HP:0002371,7
HP:0012462,7
HP:0000548,11
HP:0000408,22
HP:0006515,4
HP:0030249,3
HP:0100827,10
HP:0009812,15
HP:0009827,15
HP:0010494,15
HP:0002289,9
HP:0002229,9
HP:0000972,9
HP:0007418,9
HP:0009004,2
HP:0005696,15
HP:0005819,15
HP:0008855,0
HP:0000177,3
HP:0001304,7
HP:0004609,15
HP:0008428,15
HP:0001836,2
HP:0001118,11
HP:0030056,9
HP:0100856,15
HP:0000050,1
HP:0009756,15
HP:0000587,11
HP:0001009,9
HP:0002250,17
HP:0005325,3
HP:0006059,15
HP:0009907,22
HP:0002803,15
HP:0008453,15
HP:0008544,22
HP:0009901,22
HP:0001857,15
HP:0000607,3
HP:0000808,1
HP:0002679,3
HP:0008516,15
HP:0010299,3
HP:0010724,3
HP:0010749,3
HP:0011072,3
HP:0100334,3
HP:0000410,22
HP:0003423,15
HP:0006480,3
HP:0000042,1
HP:0002836,1
HP:0009814,15
HP:0009818,15
HP:0008288,13
HP:0009754,3
HP:0000267,3
HP:0008058,11
HP:0012741,1
HP:0005248,17
HP:0004464,3
HP:0008606,3
HP:0100268,3
HP:0007765,11
HP:0012040,11
HP:0012108,11
HP:0007812,11
HP:0009926,11
HP:0012039,11
HP:0012155,11
HP:0100583,11
HP:0000178,3
HP:0011333,3
HP:0010747,3
HP:0006951,7
HP:0007065,7
HP:0002464,7
HP:0002503,7
HP:0003445,2
HP:0003447,7
HP:0008944,2
HP:0002395,7
HP:0002131,7
HP:0006801,7
HP:0007289,7
HP:0004828,10
HP:0006817,7
HP:0000346,3
HP:0002912,13
HP:0004576,15
HP:0006247,15
HP:0008964,2
HP:0001029,9
HP:0000851,21
HP:0008191,21
HP:0000828,21
HP:0002497,7
HP:0007728,11
HP:0007628,3
HP:0009902,22
HP:0000183,3
HP:0008772,22
HP:0009895,22
HP:0025267,7
HP:0030022,22
HP:0100277,3
HP:0007627,3
HP:0011802,3
HP:0030713,7
HP:0002270,7
HP:0011480,3
HP:0000538,11
HP:0030534,11
HP:0007710,11
HP:0012547,11
HP:0003719,2
HP:0001593,3
HP:0004502,3
HP:0010448,17
HP:0000932,3
HP:0001488,11
HP:0004425,3
HP:0007687,11
HP:0009088,12
HP:0009933,3
HP:0030148,5
HP:0000034,1
HP:0004619,15
HP:0009099,3
HP:0009779,15
HP:0004220,15
HP:0003417,15
HP:0004122,3
HP:0005242,17
HP:0000593,11
HP:0006619,15
HP:0200065,11
HP:0008467,15
HP:0005831,15
HP:0002299,9
HP:0002552,9
HP:0009934,3
HP:0000519,11
HP:3000040,3
HP:0012642,7
HP:0002919,1
HP:0003301,15
HP:0008833,15
HP:0008848,0
HP:0009826,15
HP:0004660,3
HP:0008591,22
HP:0000564,3
HP:0009740,3
HP:0030283,7
HP:0009892,22
HP:0002979,15
HP:0003037,15
HP:0008615,22
HP:0003167,1
HP:0030282,15
HP:0100704,11
HP:0008362,15
HP:0009701,15
HP:0009843,15
HP:0009467,15
HP:0003166,1
HP:0001688,5
HP:0003074,13
HP:0004359,13
HP:0004361,21
HP:0004416,5
HP:0005328,9
HP:0007509,9
HP:0009064,6
HP:0009938,3
HP:0001885,15
HP:0003065,15
HP:0005643,15
HP:0011917,15
HP:0006292,3
HP:0005464,3
HP:0100255,15
HP:0001153,1
HP:0009468,15
HP:0100556,15
HP:0010035,15
HP:0011704,5
HP:0001233,15
HP:0008278,7
HP:0009556,15
HP:0009791,15
HP:0100668,17
HP:0008845,0
HP:0004602,15
HP:0000041,1
HP:0000061,1
HP:0002442,7
HP:0008968,2
HP:0012887,1
HP:0004132,3
HP:0005439,3
HP:0008749,4
HP:0006297,3
HP:0002813,15
HP:0002313,7
HP:0004794,17
HP:0005343,1
HP:0002761,15
HP:0005709,15
HP:0030353,21
HP:0030918,23
HP:0004471,9
HP:0011651,5
HP:0007068,7
HP:0004411,3
HP:0011803,3
HP:0000274,3
HP:0000525,11
HP:0010078,15
HP:0006827,7
HP:0002465,7
HP:0011228,3
HP:0002334,7
HP:0004696,24
HP:0011398,7
HP:0012752,7
HP:0002490,7
HP:0000968,9
HP:0000621,3
HP:0001196,23
HP:0004334,9
HP:0004492,3
HP:0005253,15
HP:0005267,23
HP:0006266,23
HP:0006645,15
HP:0007543,9
HP:0007592,9
HP:0010219,24
HP:0010648,9
HP:0012478,3
HP:0025354,20
HP:0045075,3
HP:0000695,3
HP:0005659,15
HP:0008244,21
HP:0000540,11
HP:0002654,15
HP:0008255,21
HP:0001993,13
HP:0007229,7
HP:0002594,17
HP:0006121,9
HP:0001886,7
HP:0100563,7
HP:0005872,15
HP:0012184,13
HP:0001013,9
HP:0005181,5
HP:0001783,15
HP:0001841,15
HP:0000394,22
HP:0010802,3
HP:0007646,3
HP:0003246,1
HP:0004450,3
HP:0007469,9
HP:0007546,9
HP:0011123,9
HP:0005318,7
HP:0007052,7
HP:0007236,7
HP:0012229,7
HP:0025456,7
HP:0025142,20
HP:0040075,7
HP:0000002,0
HP:0000946,15
HP:0003170,15
HP:0006897,7
HP:0010585,15
HP:0011314,15
HP:0010739,15
HP:0007473,9
HP:0012786,1
HP:0003758,9
HP:0010980,13
HP:0030037,1
HP:0002234,9
HP:0008060,11
HP:0005999,1
HP:0008348,10
HP:0012110,7
HP:0006660,15
HP:0010296,3
HP:0012815,1
HP:0000349,3
HP:0006585,15
HP:0010719,9
HP:0007330,3
HP:0100842,11
HP:0009116,3
HP:0000136,1
HP:0000200,3
HP:0001464,2
HP:0006008,15
HP:0009930,3
HP:0011959,2
HP:0030867,3
HP:0001070,9
HP:0001099,11
HP:0000472,3
HP:0011359,9
HP:0002762,15
HP:0005863,15
HP:0006689,5
HP:0003367,15
HP:0008812,15
HP:0010582,15
HP:0005716,15
HP:0007381,9
HP:0006070,15
HP:0009626,2
HP:0100657,15
HP:0030424,1
HP:0008420,15
HP:0001592,3
HP:0007521,9
HP:0007529,9
HP:0009183,2
HP:0012265,4
HP:0010001,15
HP:0003097,15
HP:0003185,15
HP:0008909,0
HP:0000773,15
HP:0005989,3
HP:0005009,15
HP:0002843,10
HP:0001850,15
HP:0011840,10
HP:0006323,3
HP:0008383,9
HP:0008401,9
HP:0000895,15
HP:0000907,15
HP:0010561,15
HP:0005665,15
HP:0001530,0
HP:0006521,4
HP:0012856,1
HP:0000782,15
HP:0000896,15
HP:0003508,0
HP:0006429,15
HP:0009107,15
HP:0010574,15
HP:0100673,1
HP:0007486,5
HP:0000558,11
HP:0005987,21
HP:0004930,5
HP:0011847,15
HP:0001101,11
HP:0005547,10
HP:0011886,11
HP:0200064,11
HP:0100387,15
HP:0008497,3
HP:0010940,3
HP:0011912,15
HP:0002961,10
HP:0001982,10
HP:0001677,5
HP:0000546,11
HP:0002310,7
HP:0002331,7
HP:0030953,3
HP:0031284,9
HP:0031417,4
HP:0011161,7
HP:0012452,7
HP:0025258,3
HP:0030833,7
HP:0012199,7
HP:0008668,1
HP:0000617,11
HP:0002134,7
HP:0002457,7
HP:0002533,7
HP:0006961,7
HP:0040201,7
HP:0008770,7
HP:0004963,15
HP:0007588,9
HP:0007885,11
HP:0002953,15
HP:0002136,7
HP:0002300,7
HP:0002340,7
HP:0005327,3
HP:0007076,7
HP:0007308,7
HP:0003370,15
HP:0100864,15
HP:0002057,3
HP:0000456,3
HP:0007708,3
HP:0005453,3
HP:0006160,15
HP:0008451,15
HP:0010103,15
HP:0010493,15
HP:0006367,15
HP:0006283,3
HP:0006333,3
HP:0005626,15
HP:0011817,3
HP:0003041,15
HP:0001723,5
HP:0001965,3
HP:0011251,22
HP:0011272,22
HP:0005580,1
HP:0012330,1
HP:0004791,17
HP:0200097,3
HP:0005273,3
HP:0012033,8
HP:0000070,1
HP:0000096,1
HP:0010477,1
HP:0001075,9
HP:0009702,15
HP:0012225,3
HP:0004058,15
HP:0012905,3
HP:0200040,9
HP:0006866,7
HP:0100601,23
HP:0002292,9
HP:0007772,11
HP:0010965,13
HP:0100275,7
HP:0007042,7
HP:0001413,17
HP:0000947,15
HP:0003015,15
HP:0006172,15
HP:0001538,17
HP:0002763,15
HP:0003174,15
HP:0008178,15
HP:0002127,7
HP:0002193,7
HP:0007435,9
HP:0007460,24
HP:0007465,9
HP:0000081,1
HP:0007655,3
HP:0005686,15
HP:0008198,21
HP:0000480,3
HP:0006989,7
HP:0001877,10
HP:0001889,10
HP:0004826,10
HP:0005263,17
HP:0007820,3
HP:0030670,3
HP:0031111,8
HP:0040164,3
HP:0007633,3
HP:3000022,22
HP:0010622,15
HP:0012157,7
HP:0040188,15
HP:0002500,7
HP:0030190,2
HP:0200147,7
HP:0008955,2
HP:0010845,7
HP:0100252,15
HP:0003380,7
HP:0002396,7
HP:0010503,15
HP:0010689,15
HP:0100524,15
HP:0000468,3
HP:0005781,15
HP:0000685,3
HP:0001090,3
HP:0001870,15
HP:0003809,6
HP:0008993,6
HP:0009003,9
HP:0009839,15
HP:0011334,3
HP:0030781,13
HP:0030809,3
HP:0007146,7
HP:0006110,15
HP:0008080,15
HP:0010105,15
HP:0003750,2
HP:0410020,20
HP:0009739,22
HP:0000971,9
HP:0011159,7
HP:0000640,11
HP:0002322,7
HP:0003172,15
HP:0009771,15
HP:0100693,11
HP:0012227,1
HP:0030010,1
HP:0025408,16
HP:0100800,17
HP:0001460,2
HP:0003241,1
HP:0012400,13
HP:0004307,5
HP:0030690,3
HP:0100333,3
HP:0011027,1
HP:0007475,9
HP:0001116,3
HP:0010111,15
HP:0009909,22
HP:0002927,1
HP:0005844,15
HP:0008666,1
HP:0011754,7
HP:0011043,21
HP:0030018,1
HP:0000863,7
HP:0003223,13
HP:0006349,3
HP:0012746,9
HP:0040086,7
HP:0003799,15
HP:0007464,9
HP:0010463,1
HP:0006184,9
HP:0009185,2
HP:0010487,2
HP:0012506,7
HP:0100362,15
HP:0000860,21
HP:0002199,7
HP:0003164,7
HP:0005220,8
HP:0000315,3
HP:0008775,1
HP:0003782,0
HP:0100745,15
HP:0007559,9
HP:0000222,3
HP:0007497,9
HP:0008399,9
HP:0025270,17
HP:0040163,15
HP:0007021,7
HP:0002536,7
HP:0007227,7
HP:0030769,7
HP:0030531,11
HP:0040165,15
HP:0011302,24
HP:0012370,3
HP:0010733,9
HP:0040036,9
HP:0010799,7
HP:0002344,7
HP:0000619,11
HP:0007045,7
HP:0007987,11
HP:0011447,10
HP:0000793,1
HP:0003138,13
HP:0004802,10
HP:0007641,11
HP:0012587,1
HP:0030612,11
HP:0001476,3
HP:0003139,10
HP:0002444,7
HP:0001273,7
HP:0001837,15
HP:0001845,15
HP:0010564,4
HP:0010821,7
HP:0030021,22
HP:0410030,3
HP:0005684,15
HP:0010958,1
HP:0011026,1
HP:0030431,15
HP:0030799,3
HP:0003048,15
HP:0005917,15
HP:0006136,15
HP:0008213,7
HP:0008751,4
HP:0009958,15
HP:0009971,15
HP:0011734,21
HP:0011939,15
HP:0100260,15
HP:0200117,3
HP:0000273,3
HP:0000749,7
HP:0004444,10
HP:0002046,13
HP:0045074,3
HP:0100308,7
HP:0100532,11
HP:0007431,9
HP:0012472,3
HP:0008211,21
HP:0002917,13
HP:0100544,5
HP:0100771,17
HP:0010242,15
HP:0000063,1
HP:0007875,11
HP:0000309,3
HP:0006352,3
HP:0009932,3
HP:0040326,7
HP:0005725,15
HP:0000857,21
HP:0002254,17
HP:0100801,17
HP:0004762,5
HP:0011573,5
HP:0011581,5
HP:0010626,7
HP:0011466,17
HP:0011628,5
HP:0040196,3
HP:0001710,5
HP:0001713,5
HP:0004495,3
HP:0005120,5
HP:0005301,5
HP:0008619,22
HP:0008774,22
HP:0011718,5
HP:0000356,22
HP:0010460,1
HP:0000058,1
HP:0008726,1
HP:0012870,1
HP:0000149,1
HP:0009816,15
HP:0011740,21
HP:0200114,13
HP:0010544,11
HP:0040010,3
HP:0002198,7
HP:0100953,7
HP:0000641,11
HP:0000220,3
HP:0011472,17
HP:0011473,17
HP:0005758,3
HP:0001093,11
HP:0008071,23
HP:0009611,15
HP:0010055,15
HP:0001820,9
HP:0003688,2
HP:0025403,7
HP:0003547,2
HP:0004308,5
HP:0001946,13
HP:0010327,2
HP:0010339,2
HP:0011090,3
HP:0000796,1
HP:0011427,23
HP:0012521,11
HP:0001833,24
HP:0000598,22
HP:0007183,7
HP:0002928,13
HP:0012619,1
HP:0002542,7
HP:0000180,3
HP:0000199,3
HP:0100258,15
HP:0006145,15
HP:0009084,3
HP:0000197,3
HP:0000769,14
HP:0002031,17
HP:0003489,7
HP:0009588,22
HP:0009593,7
HP:0009911,3
HP:0010826,3
HP:0030177,7
HP:0012533,7
HP:0100008,7
HP:0100011,11
HP:0100697,8
HP:0011267,22
HP:0030868,1
HP:0004871,1
HP:0005944,4
HP:0011255,22
HP:0025023,17
HP:0010797,7
HP:0006880,7
HP:0010576,7
HP:0030915,7
HP:0009713,7
HP:0012534,7
HP:0030144,17
HP:0005446,3
HP:0006055,24
HP:0006439,15
HP:0006441,15
HP:0006747,7
HP:0100861,15
HP:0001225,15
HP:0001495,15
HP:0001504,15
HP:0005613,15
HP:0010668,3
HP:0000727,7
HP:0010524,7
HP:0000182,3
HP:0200049,7
HP:0010766,15
HP:0012645,7
HP:0100698,7
HP:0003406,7
HP:0006751,7
HP:0006851,7
HP:0007524,7
HP:0007576,8
HP:0012289,8
HP:0100527,4
HP:0100551,4
HP:0000976,9
HP:0010541,3
HP:0007535,9
HP:0006479,3
HP:0011070,3
HP:0011078,3
HP:0000326,3
HP:0001757,22
HP:0003771,3
HP:0011051,3
HP:0031353,22
HP:0100719,3
HP:0100789,3
HP:0100923,15
HP:0100898,9
HP:0007488,9
HP:0009121,15
HP:0001022,9
HP:0005465,3
HP:0008808,15
HP:0007412,9
HP:0010740,15
HP:0010543,11
HP:0006596,15
HP:0005250,17
HP:0200022,7
HP:0000166,3
HP:0001073,9
HP:0006308,3
HP:0011132,9
HP:0012465,13
HP:0040130,13
HP:0040135,13
HP:0001137,11
HP:0006293,3
HP:0010809,3
HP:0100037,3
HP:0005867,15
HP:0001440,15
HP:0006409,15
HP:0006768,7
HP:0007522,9
HP:0000064,1
HP:0025356,7
HP:0002176,7
HP:0004312,10
HP:0012371,3
HP:0012490,16
HP:0001104,11
HP:0003778,3
HP:0006511,4
HP:0008706,1
HP:0011531,11
HP:0011265,22
HP:0007209,3
HP:0008000,11
HP:0045037,3
HP:0025112,7
HP:0001917,1
HP:0000009,1
HP:0012638,7
HP:0004820,10
HP:0002680,3
HP:0005517,10
HP:0012372,11
HP:0005587,9
HP:0008225,21
HP:0011672,5
HP:0002297,9
HP:0002640,5
HP:0006748,7
HP:0007832,11
HP:0010619,14
HP:0012028,8
HP:0012315,8
HP:0100619,1
HP:0000300,3
HP:0011351,7
HP:0012450,17
HP:0012622,1
HP:0100301,2
HP:0003554,2
HP:0100033,7
HP:0100541,6
HP:0000341,3
HP:0003182,15
HP:0003279,15
HP:0010511,15
HP:0011229,3
HP:0004399,17
HP:0007165,7
HP:0030048,7
HP:0000888,15
HP:0004570,15
HP:0002907,1
HP:0005949,4
HP:0012520,7
HP:0000297,3
HP:0002188,7
HP:0012858,1
HP:0100853,14
HP:0003248,1
HP:0003550,13
HP:0000744,7
HP:0010506,9
HP:0045058,1
HP:0000742,7
HP:0011097,7
HP:0010627,7
HP:0004426,3
HP:0100028,21
HP:0005103,22
HP:0005121,15
HP:0007946,3
HP:0005523,10
HP:0002588,17
HP:0005266,8
HP:0012425,17
HP:0008660,1
HP:0012393,16
HP:0007605,9
HP:0012347,13
HP:0012358,13
HP:0002509,7
HP:0008936,2
HP:0011172,7
HP:0012301,13
HP:0004798,16
HP:0006583,17
HP:0040187,16
HP:0012363,13
HP:0030794,13
HP:0001985,13
HP:0001994,1
HP:0003162,21
HP:0004912,15
HP:0005979,13
HP:0006568,17
HP:0002945,15
HP:0004298,17
HP:0005359,21
HP:0001040,15
HP:0001060,15
HP:0008729,1
HP:0009760,15
HP:0011842,15
HP:0001663,5
HP:0005144,5
HP:0010872,5
HP:0012251,5
HP:0012270,2
HP:0031319,5
HP:0040014,13
HP:0004423,3
HP:0009745,7
HP:0011832,3
HP:0000537,3
HP:0009662,15
HP:0025537,9
HP:0025538,9
HP:0008108,15
HP:0012107,15
HP:0000973,9
HP:0100734,15
HP:0001120,11
HP:0006368,24
HP:0010701,10
HP:0003382,7
HP:0000674,3
HP:0004904,21
HP:0200067,23
HP:0100632,4
HP:0008559,22
HP:0008407,9
HP:0008425,15
HP:0006420,15
HP:0010038,15
HP:0007099,7
HP:0001293,7
HP:0002196,7
HP:0004608,15
HP:0007067,7
HP:0009591,7
HP:0010558,3
HP:0010825,7
HP:0011389,22
HP:0012046,7
HP:0001437,2
HP:0010536,7
HP:0012366,3
HP:0007439,9
HP:0008394,9
HP:0012725,15
HP:0040111,22
HP:0004442,3
HP:0002778,4
HP:0008112,2
HP:0009540,2
HP:0010621,15
HP:0002663,15
HP:0100600,1
HP:0009112,2
HP:0011635,5
HP:0010767,15
HP:0000890,15
HP:0005769,15
HP:0006077,15
HP:0006712,15
HP:0006713,15
HP:0008472,15
HP:0008807,15
HP:0008857,15
HP:0009100,3
HP:0000523,11
HP:0011483,11
HP:0011493,11
HP:0031159,11
HP:0200012,7
HP:0008185,21
HP:0010791,1
HP:0003400,7
HP:0008437,15
HP:0012398,13
HP:0007407,9
HP:0000253,7
HP:0001788,23
HP:0003160,13
HP:0004993,15
HP:0005272,3
HP:0005425,4
HP:0006114,9
HP:0006891,7
HP:0007457,9
HP:0008113,9
HP:0008947,2
HP:0010838,13
HP:0025167,9
HP:0200141,3
HP:0011995,5
HP:0010989,10
HP:0001884,24
HP:0030604,11
HP:0006329,3
HP:0004236,15
HP:0003310,15
HP:0004979,15
HP:0006505,15
HP:0007517,9
HP:0008788,15
HP:0012767,23
HP:0430005,3
HP:0430028,3
HP:3000077,3
HP:0030348,21
HP:0003871,15
HP:0040253,1
HP:0000301,3
HP:0001245,2
HP:0006143,15
HP:0010765,9
HP:0012428,15
HP:0030842,7
HP:0001563,23
HP:0001958,13
HP:0001043,3
HP:0002692,3
HP:0002753,15
HP:0005461,3
HP:0008197,21
HP:0010665,15
HP:0100671,15
HP:0003016,15
HP:0004417,5
HP:0004931,7
HP:0006224,15
HP:0007427,9
HP:0000877,21
HP:0011356,9
HP:0100546,5
HP:0040113,22
HP:0003808,2
HP:0005320,9
HP:0010663,7
HP:0025124,3
HP:0000585,11
HP:0002572,17
HP:0040160,15
HP:0003573,13
HP:0006557,17
HP:0000224,3
HP:0002232,9
HP:0011300,15
HP:0011833,3
HP:0000451,3
HP:0002472,7
HP:0002883,4
HP:0040082,7
HP:0012189,10
HP:0011122,9
HP:0002694,3
HP:0004054,15
HP:0100925,15
HP:0001096,3
HP:0006740,1
HP:0001864,15
HP:0004689,15
HP:0004704,15
HP:0005495,3
HP:0009913,22
HP:0010945,1
HP:0011918,15
HP:0040018,15
HP:0040022,15
HP:0001711,5
HP:0005176,5
HP:0008609,22
HP:0011546,5
HP:0007519,6
HP:0009700,15
HP:0006714,15
HP:0100629,3
HP:0000216,3
HP:0000237,3
HP:0005494,3
HP:0001414,17
HP:0001922,10
HP:0004333,10
HP:0004395,17
HP:0010512,21
HP:0001667,5
HP:0004890,4
HP:0005317,4
HP:3000042,3
HP:0001785,15
HP:0012098,13
HP:0003549,6
HP:0003365,15
HP:0010588,15
HP:0030038,15
HP:0030445,7
HP:0006780,21
HP:0002009,3
HP:0003309,15
HP:0003561,0
HP:0008683,1
HP:0011341,3
HP:0002366,7
HP:0007190,7
HP:0010549,7
HP:0002283,7
HP:0030223,7
HP:0000710,7
HP:0000723,7
HP:0000757,7
HP:0002493,7
HP:0011204,7
HP:0030212,7
HP:0030213,7
HP:0012671,7
HP:0000123,1
HP:0002470,7
HP:0009127,2
HP:0009798,21
HP:0010502,15
HP:0006538,4
HP:0010776,4
HP:0012387,4
HP:0006543,4
HP:0045009,15
HP:0009881,15
HP:0010102,15
HP:0010107,15
HP:0000188,3
HP:0000331,3
HP:0002696,3
HP:0005793,15
HP:0006628,15
HP:0010067,15
HP:0010537,3
HP:0011061,3
HP:0011451,3
HP:0012294,3
HP:0001920,1
HP:0012809,3
HP:0030816,3
HP:0002837,3
HP:0005135,5
HP:0008697,1
HP:0009942,15
HP:0002056,3
HP:0002190,7
HP:0002690,3
HP:0025247,9
HP:0001212,15
HP:0008587,22
HP:0002728,9
HP:0011349,7
HP:0005745,15
HP:0000292,3
HP:0009059,6
HP:0006470,15
HP:0008476,15
HP:0012811,3
HP:0100678,9
HP:0100769,15
HP:0008469,15
HP:0010994,7
HP:0030265,1
HP:0100581,1
HP:0025134,21
HP:0030001,3
HP:0045017,5
HP:0001435,2
HP:0008952,2
HP:0012047,11
HP:0000418,3
HP:0003717,9
HP:0000287,3
HP:0003233,13
HP:0004943,5
HP:0030685,21
HP:0040266,2
HP:0009927,3
HP:0005174,5
HP:0008777,4
HP:0009017,6
HP:0003117,21
HP:0200007,3
HP:0002549,7
HP:0011458,17
HP:0040264,7
HP:0000282,3
HP:0006499,15
HP:0009733,7
HP:0012190,10
HP:0012191,10
HP:0000867,21
HP:0003207,15
HP:0011986,15
HP:0009838,15
HP:0005956,4
HP:0009555,3
HP:0008419,15
HP:0009834,15
HP:0010052,15
HP:0010239,15
HP:0001782,15
HP:0004679,15
HP:0006170,15
HP:0010644,3
HP:0007006,7
HP:0000913,15
HP:0100503,13
HP:0012051,13
HP:0004446,10
HP:0006737,7
HP:0000740,7
HP:0001069,9
HP:0001095,11
HP:0002864,7
HP:0003345,1
HP:0003574,5
HP:0003639,1
HP:0008629,22
HP:0010532,22
HP:0011979,1
HP:0025269,7
HP:0003057,15
HP:0001308,3
HP:0007001,7
HP:0012473,3
HP:0002378,7
HP:0045084,7
HP:0011991,10
HP:0007024,7
HP:0007089,7
HP:0040140,7
HP:0002398,7
HP:0008773,22
HP:0008628,22
HP:0005102,22
HP:0004524,9
HP:0002624,5
HP:0010714,15
HP:0040009,9
HP:0100528,4
HP:0100617,1
HP:0006779,8
HP:0007129,7
HP:0030071,8
HP:0004197,15
HP:0004218,15
HP:0006019,15
HP:0001032,15
HP:0005807,15
HP:0010179,15
HP:0010182,15
HP:0005650,15
HP:0100444,15
HP:0003328,9
HP:0030853,0
HP:0005880,15
HP:0100264,15
HP:0002451,7
HP:0010580,15
HP:0000290,3
HP:0009931,3
HP:0025104,9
HP:0030149,5
HP:0012734,13
HP:0000799,1
HP:0001735,16
HP:0002635,5
HP:0004950,5
HP:0010874,15
HP:0012397,5
HP:0002625,10
HP:0011790,21
HP:0008249,21
HP:0011784,21
HP:0006846,7
HP:0007334,7
HP:0001727,10
HP:0003613,16
HP:0001992,1
HP:0004357,13
HP:0005687,15
HP:0000586,15
HP:0010539,3
HP:0010565,4
HP:0009129,2
HP:0003482,2
HP:0003730,2
HP:0008988,2
HP:0012548,2
HP:0008703,1
HP:0100621,1
HP:0006273,17
HP:0009085,3
HP:0005281,3
HP:0001335,7
HP:0010649,3
HP:0004959,5
HP:0005162,5
HP:0012163,5
HP:0012763,4
HP:0200146,5
HP:0025109,10
HP:0004804,10
HP:0004447,10
HP:0011273,10
HP:0012463,13
HP:0000935,15
HP:0006844,7
HP:0010298,3
HP:0001141,11
HP:0012795,11
HP:0003276,15
HP:0012174,7
HP:0012113,13
HP:0100571,5
HP:0010632,3
HP:0001719,5
HP:0010633,3
HP:0011638,5
HP:0012020,5
HP:0005211,17
HP:0010444,5
HP:0012430,7
HP:0100841,17
HP:0001327,7
HP:0007201,7
HP:0002506,7
HP:0003950,15
HP:0002550,9
HP:0007383,9
HP:0007267,7
HP:0005508,8
HP:0031006,7
HP:0006775,10
HP:0025346,13
HP:0100778,16
HP:0006873,7
HP:0011402,7
HP:0007220,7
HP:0010862,7
HP:0025405,11
HP:0004646,3
HP:0009935,3
HP:0011954,17
HP:0006707,5
HP:0030830,4
HP:0001685,5
HP:0030829,4
HP:0010882,5
HP:0010904,13
HP:0012237,1
HP:0012662,7
HP:0030904,7
HP:0002010,3
HP:0002411,7
HP:0001403,17
HP:0006573,17
HP:0008372,13
HP:0011980,17
HP:0100514,13
HP:0007906,11
HP:0100832,11
HP:0001147,11
HP:0007917,11
HP:0040049,11
HP:0011716,5
HP:0030448,8
HP:0003353,13
HP:0002154,13
HP:0010851,7
HP:0012705,7
HP:0005957,4
HP:0005972,13
HP:0011013,13
HP:0000533,11
HP:0030856,11
HP:0007548,9
HP:0003201,2
HP:0000996,3
HP:0010569,13
HP:0004625,15
HP:0006589,15
HP:0005222,17
HP:0100628,17
HP:0011627,5
HP:0006704,5
HP:0006783,3
HP:0006517,4
HP:0001217,15
HP:0002087,4
HP:0003651,5
HP:0010876,13
HP:0045051,4
HP:0025391,4
HP:0001991,15
HP:0006931,7
HP:0007483,9
HP:0008670,1
HP:0012532,7
HP:0012888,1
HP:0030711,1
HP:0002909,1
HP:0006463,15
HP:0002454,7
HP:0011951,4
HP:0008760,7
HP:0030216,7
HP:0007843,11
HP:0011508,11
HP:0030644,11
HP:0100014,11
HP:0200056,11
HP:0011506,11
HP:0030530,11
HP:0011505,11
HP:0030609,11
HP:0010322,15
HP:0012252,4
HP:0004332,10
HP:0012192,10
HP:0001911,10
HP:0000019,1
HP:0002729,16
HP:0100577,1
HP:0100787,1
HP:0011232,3
HP:0040079,3
HP:0100501,3
HP:0011896,11
HP:0012305,5
HP:0011103,5
HP:0011682,5
HP:0010883,5
HP:0005295,5
HP:0005401,16
HP:0011108,15
HP:0006763,8
HP:0030417,1
HP:0011645,5
HP:0012557,7
HP:0025075,5
HP:0030850,5
HP:0012727,5
HP:0040268,22
HP:0005133,5
HP:0030848,5
HP:0003215,1
HP:0003234,13
HP:0045045,13
HP:0002882,4
HP:0009723,9
HP:0011884,10
HP:0012223,16
HP:0012886,1
HP:0100845,16
HP:0001934,10
HP:0012151,4
HP:0012233,2
HP:0040247,10
HP:0005310,5
HP:0008366,2
HP:0009473,2
HP:0100958,15
HP:0030142,17
HP:0002634,5
HP:0007587,9
HP:0030406,8
HP:0012125,1
HP:0001117,11
HP:0007011,7
HP:0007942,11
HP:0011357,9
HP:0030517,11
HP:0004948,5
HP:0200025,3
HP:0007305,7
HP:0001038,9
HP:0000234,3
HP:0000263,3
HP:0005458,3
HP:0012748,7
HP:0012749,7
HP:0030430,7
HP:0007872,11
HP:0011513,11
HP:0012721,5
HP:0010625,7
HP:0001094,11
HP:0010451,16
HP:0012220,10
HP:0011771,21
HP:0004937,5
HP:0004481,3
HP:0009878,7
HP:0002350,7
HP:0007352,7
HP:0007824,11
HP:0011695,7
HP:0006489,15
HP:0006491,15
HP:0002494,7
HP:0002530,7
HP:0005341,7
HP:0008652,7
HP:0010545,11
HP:0012670,5
HP:0030015,1
HP:0100595,15
HP:0025461,20
HP:0001575,7
HP:0011787,21
HP:0001102,11
HP:0012508,11
HP:0003137,1
HP:0008358,13
HP:0003466,21
HP:0025380,21
HP:0025436,21
HP:0500022,21
HP:0002925,7
HP:0012560,21
HP:0000832,21
HP:0004232,15
HP:0005008,15
HP:0008755,4
HP:0000092,1
HP:0000097,1
HP:0000117,1
HP:0002752,15
HP:0003013,15
HP:0003020,15
HP:0003025,15
HP:0003029,15
HP:0003109,1
HP:0003126,1
HP:0003149,1
HP:0003152,21
HP:0005576,1
HP:0005574,1
HP:0008732,13
HP:0003158,1
HP:0003228,13
HP:0004906,13
HP:0003768,7
HP:0001912,10
HP:0025318,1
HP:0100592,17
HP:0002335,7
HP:0009921,11
HP:0004618,15
HP:0005106,15
HP:0006913,7
HP:0006559,15
HP:0011927,15
HP:0012099,21
HP:0006858,7
HP:0011868,7
HP:0025459,7
HP:0011948,4
HP:0002189,7
HP:0002524,7
HP:0011903,10
HP:0000481,11
HP:0008341,1
HP:0012637,1
HP:0008672,1
HP:0003529,1
HP:0004363,13
HP:0007803,11
HP:0000575,11
HP:0001756,22
HP:0007029,7
HP:0012518,7
HP:0040197,7
HP:0003513,1
HP:0008250,13
HP:0002918,13
HP:0012609,1
HP:0005421,16
HP:0025300,9
HP:0025343,16
HP:0045042,16
HP:0045073,16
HP:0005513,10
HP:0011974,10
HP:0003351,21
HP:0003081,1
HP:0002043,17
HP:0006735,1
HP:0010727,11
HP:0000139,1
HP:0002642,5
HP:0004947,5
HP:0007900,3
HP:0100645,1
HP:0000977,9
HP:0002579,17
HP:0011502,11
HP:0001001,9
HP:0012287,7
HP:0000696,3
HP:0004639,13
HP:0002492,7
HP:0025101,7
HP:0004354,13
HP:0001902,10
HP:0011883,10
HP:0012143,10
HP:0040223,5
HP:0100598,13
HP:0001583,11
HP:0009062,2
HP:0012343,13
HP:0030089,2
HP:0004563,3
HP:0000743,7
HP:0012678,7
HP:0012049,7
HP:0012179,7
HP:0031008,7
HP:0002060,7
HP:0002538,7
HP:0009879,7
HP:0012757,7
HP:0008763,7
HP:0001929,10
HP:0006298,10
HP:0008028,11
HP:0008716,1
HP:0000056,1
HP:0030258,1
HP:0100847,9
HP:0004889,4
HP:0005991,3
HP:0030319,3
HP:0001708,5
HP:0000317,2
HP:0031139,2
HP:0002438,7
HP:0007260,7
HP:0007700,11
HP:0000817,7
HP:0030047,7
HP:0100318,7
HP:0003698,2
HP:0002406,7
HP:0011347,11
HP:0006886,7
HP:0006937,7
HP:0030891,7
HP:0030051,7
HP:0003383,7
HP:0003448,7
HP:0006938,7
HP:0006986,7
HP:0012207,1
HP:0012864,1
HP:0012865,1
HP:0006958,7
HP:0007377,7
HP:0012043,11
HP:0002453,7
HP:0002600,7
HP:0007054,7
HP:0000630,5
HP:0002730,16
HP:0002895,21
HP:0005994,21
HP:0006528,4
HP:0006766,1
HP:0012288,8
HP:3000037,3
HP:0003045,15
HP:0003084,15
HP:0003886,15
HP:0008110,24
HP:0008124,24
HP:0012542,9
HP:0030055,9
HP:0000372,22
HP:0010485,15
HP:0000736,7
HP:0004540,9
HP:0025191,7
HP:0011067,3
HP:0025517,7
HP:0400005,22
HP:0002403,7
HP:0002418,7
HP:0009792,1
HP:0100872,9
HP:0011729,15
HP:0012286,7
HP:0025331,11
HP:0002339,7
HP:0004323,0
HP:0009821,15
HP:0005856,15
HP:0005974,13
HP:0008034,11
HP:0030613,11
HP:0012345,13
HP:0011339,3
HP:0003797,2
HP:0030099,2
HP:0011166,7
HP:0011706,5
HP:0100285,2
HP:0006808,7
HP:0012762,7
HP:0011246,22
HP:0012680,21
HP:0100703,7
HP:0025313,11
HP:0005307,7
HP:0012339,13
HP:0010571,13
HP:0003535,1
HP:0000549,11
HP:0011431,23
HP:0007221,7
HP:0025128,6
HP:0002275,7
HP:0006698,5
HP:0006956,7
HP:0007082,7
HP:0012407,7
HP:0005853,15
HP:0025201,13
HP:0025244,11
HP:0012182,9
HP:0011443,7
HP:0030215,7
HP:0001326,7
HP:0025152,11
HP:0001112,11
HP:0030191,7
HP:0030202,7
HP:0030205,2
HP:0009028,2
HP:0002265,22
HP:0007695,11
HP:0012704,7
HP:0030050,7
HP:0001325,7
HP:0030812,16
HP:0040215,21
HP:0006353,3
HP:0007266,7
HP:0011408,0
HP:0100689,11
HP:0005365,10
HP:0012504,7
HP:0100803,9
HP:0100738,7
HP:0400004,22
HP:0003265,13
HP:0011234,22
HP:0012172,7
HP:0000745,7
HP:0010528,7
HP:0012083,7
HP:0030902,7
HP:0030905,7
HP:0040306,20
HP:0002825,15
HP:0040016,15
HP:0003066,15
HP:0009787,2
HP:0045007,7
HP:0025015,5
HP:0025324,5
HP:0012101,13
HP:0005116,5
HP:0011488,11
HP:0100018,11
HP:0012608,1
HP:0040148,7
HP:0001953,21
HP:0003237,10
HP:0004924,13
HP:0012153,13
HP:0100879,1
HP:0002480,7
HP:0012402,1
HP:0010913,13
HP:0008940,16
HP:0011897,10
HP:0007686,11
HP:0003116,5
HP:0012771,24
HP:0003763,7
HP:0006316,3
HP:0011822,3
HP:0005096,15
HP:0005764,15
HP:0010639,13
HP:0011036,1
HP:0012052,13
HP:0100511,13
HP:0030757,3
HP:0100036,15
HP:0100686,6
HP:0003472,7
HP:0010866,17
HP:0003528,13
HP:0005305,10
HP:0008450,15
HP:0002286,9
HP:0003456,1
HP:0007489,9
HP:0007394,9
HP:0200151,8
HP:0025502,0
HP:0000454,3
HP:0007164,7
HP:0001899,10
HP:0011920,13
HP:0001041,9
HP:0000503,5
HP:0009725,1
HP:0006943,7
HP:0007017,7
HP:0007158,7
HP:0010846,7
HP:0011099,7
HP:0012672,7
HP:0100256,7
HP:0010542,11
HP:0100292,7
HP:0010927,13
HP:0025196,13
HP:0025321,13
HP:0002711,3
HP:0001978,10
HP:0004453,22
HP:0010455,15
HP:0011223,3
HP:0030042,15
HP:0040166,15
HP:0002352,7
HP:0008519,15
HP:0000676,3
HP:0008714,1
HP:0009471,2
HP:0010653,7
HP:0010618,1
HP:0030126,1
HP:0100244,8
HP:0030451,17
HP:0002476,7
HP:0003282,13
HP:0001054,9
HP:0100739,7
HP:0006979,7
HP:0025464,20
HP:0000748,7
HP:0031466,7
HP:0011331,3
HP:0004673,3
HP:0007034,7
HP:0007311,7
HP:0007975,11
HP:0012706,7
HP:0012708,7
HP:0001787,23
HP:0000245,3
HP:0000250,3
HP:0010540,3
HP:0012106,15
HP:0003095,15
HP:0005366,4
HP:0045025,3
HP:0030081,7
HP:0003444,2
HP:0007133,7
HP:0025013,7
HP:0031358,7
HP:0100852,7
HP:0003642,13
HP:0007301,7
HP:0410018,16
HP:0012593,1
HP:0005258,2
HP:0005466,3
HP:0009119,3
HP:0012846,9
HP:0045059,9
HP:0012480,7
HP:0025019,5
HP:0001896,10
HP:0012464,13
HP:0004823,10
HP:0025066,10
HP:0012134,10
HP:0100836,7
HP:0010514,7
HP:0011759,7
HP:0011762,7
HP:0005101,22
HP:0012290,8
HP:0011407,0
HP:0012411,21
HP:0030269,21
HP:0003040,15
HP:0031087,0
HP:0008373,21
HP:0011401,7
HP:0007351,7
HP:0100287,2
HP:0006865,7
HP:0003759,5
HP:0031368,17
HP:0009617,15
HP:0012511,11
HP:0030187,7
HP:0031166,7
HP:0002511,7
HP:0007678,3
HP:0005588,9
HP:0002290,9
HP:0025175,4
HP:0025179,4
HP:0025390,4
HP:0003874,15
HP:0025268,7
HP:0008314,13
HP:0009072,7
HP:0011923,13
HP:0007178,7
HP:0030230,2
HP:0001301,7
HP:0200085,7
HP:0008945,7
HP:0000699,3
HP:0010281,3
HP:0012292,3
HP:3000010,3
HP:0011834,7
HP:0030402,10
HP:0004962,15
HP:0005340,1
HP:0000531,11
HP:0003111,13
HP:0004918,13
HP:0002926,21
HP:0002958,16
HP:0004387,16
HP:0005353,16
HP:0002724,16
HP:0004966,15
HP:0011459,8
HP:0030355,16
HP:0005177,5
HP:0006693,5
HP:3000062,3
HP:0012373,11
HP:0030882,5
HP:0025357,7
HP:0004719,1
HP:0011933,7
HP:0000803,1
HP:0002100,4
HP:0002280,7
HP:0004629,15
HP:0004991,15
HP:0006668,15
HP:0006711,15
HP:0008445,15
HP:0008797,15
HP:0010013,15
HP:0031528,11
HP:0100259,15
HP:0100954,7
HP:0012205,1
HP:0012868,1
HP:0001128,3
HP:0002055,3
HP:0011336,3
HP:0004554,9
HP:0011124,9
HP:0100494,10
HP:3000019,3
HP:0012166,7
HP:0012743,0
HP:0009042,2
HP:0012881,1
HP:0006094,15
HP:0002687,3
HP:0002944,15
HP:0009929,3
HP:0025100,7
HP:0000399,22
HP:0002655,15
HP:0006980,7
HP:0006555,17
HP:0040291,2
HP:0005229,17
HP:0025085,17
HP:0002722,16
HP:0005224,16
HP:0100889,17
HP:0010959,4
HP:0007980,11
HP:0003724,2
HP:0011808,7
HP:0011711,5
HP:0030664,2
HP:0031108,2
HP:0006251,15
HP:0010505,15
HP:0007179,11
HP:0010280,3
HP:0031181,9
HP:0012213,1
HP:0012625,1
HP:0007015,7
HP:0100767,23
HP:0011403,23
HP:0004840,10
HP:0011400,7
HP:0100886,3
HP:0012850,17
HP:0025149,17
HP:0003387,7
HP:0008049,3
HP:0002849,16
HP:0005354,10
HP:0005368,16
HP:0005390,16
HP:0025379,16
HP:0030813,16
HP:0000753,7
HP:0011368,9
HP:0012448,7
HP:0002508,7
HP:0011947,4
HP:0012238,13
HP:0000660,11
HP:0009789,9
HP:0025460,7
HP:0040168,7
HP:0010832,7
HP:0003419,7
HP:0011397,7
HP:0031064,20
HP:0001105,11
HP:0012569,1
HP:0007327,7
HP:0012087,13
HP:0012088,1
HP:0008093,15
HP:0012537,13
HP:0007057,7
HP:0030746,7
HP:0012893,3
HP:0012477,7
HP:0040191,2
HP:0030439,8
HP:0030438,8
HP:0002161,13
HP:0003206,13
HP:0004897,13
HP:0010967,13
HP:0006256,15
HP:0012222,5
HP:0002152,13
HP:0004341,13
HP:0004661,3
HP:0002872,4
HP:0004885,4
HP:0011469,17
HP:0012801,3
HP:0005943,4
HP:0025401,11
HP:0002639,5
HP:0030242,10
HP:0012011,7
HP:0025518,11
HP:0000052,1
HP:0000800,1
HP:0010480,1
HP:0030261,1
HP:0012583,1
HP:0012584,1
HP:0012620,1
HP:0100590,1
HP:0100599,1
HP:0030275,1
HP:0010475,1
HP:0011140,17
HP:0005223,17
HP:0003736,2
HP:0005085,15
HP:0012515,2
HP:0012496,4
HP:0030007,2
HP:0100284,2
HP:0025169,5
HP:0009063,2
HP:0009077,2
HP:0030046,2
HP:0005934,4
HP:0008756,4
HP:0031374,2
HP:0430015,3
HP:0007149,2
HP:0100299,2
HP:0040047,2
HP:0007269,2
HP:0031206,7
HP:0011470,17
HP:0005521,10
HP:0007468,9
HP:0004552,3
HP:0100809,3
HP:0030019,1
HP:0008072,23
HP:0002050,1
HP:0010679,13
HP:0030087,21
HP:0100133,9
HP:0100245,8
HP:0002140,7
HP:0010936,1
HP:0012089,5
HP:0012035,9
HP:0200044,9
HP:0007410,9
HP:0031013,15
HP:0031057,9
HP:0002891,1
HP:0006732,1
HP:0007437,9
HP:0007620,9
HP:0100580,8
HP:0004057,24
HP:0040228,10
HP:0030160,1
HP:0008200,21
HP:0100662,15
HP:0200047,22
HP:0011779,21
HP:0004894,4
HP:0011805,2
HP:0011766,21
HP:0012232,5
HP:0008696,1
HP:0008236,21
HP:0002805,15
HP:0010314,21
HP:0002686,23
HP:0011603,5
HP:0011615,4
HP:0011620,0
HP:0008771,22
HP:0010446,5
HP:0006691,5
HP:0100606,4
HP:0010815,9
HP:0011838,9
HP:0007570,9
HP:0007988,11
HP:0011509,11
HP:0005590,9
HP:0009319,2
HP:0010636,7
HP:0001741,1
HP:0012451,17
HP:0002583,16
HP:0100517,1
HP:0100616,1
HP:0010647,9
HP:0011471,17
HP:0002372,7
HP:0007098,7
HP:0007166,7
HP:0004360,13
HP:0010291,3
HP:0011330,3
HP:0005145,5
HP:0030814,16
HP:0006901,13
HP:0004637,15
HP:0410019,20
HP:0011972,7
HP:0100950,13
HP:0006929,7
HP:0030796,13
HP:0002605,17
HP:0012486,7
HP:0007499,16
HP:0012419,4
HP:0030828,4
HP:0005968,13
HP:0000591,11
HP:0011859,11
HP:0004296,5
HP:0012702,17
HP:0001227,2
HP:0100870,9
HP:0012631,11
HP:0012634,11
HP:0100280,16
HP:0007455,9
HP:0004404,14
HP:0007471,9
HP:0030503,11
HP:0040211,9
HP:0010972,10
HP:0040185,10
HP:0007856,11
HP:0011495,11
HP:0001089,11
HP:0004329,11
HP:0012122,11
HP:0012804,11
HP:0010924,11
HP:0000552,11
HP:0000642,11
HP:0007787,11
HP:0007795,11
HP:0007976,11
HP:0010923,11
HP:0004599,15
HP:0010865,7
HP:0025253,7
HP:0031468,7
HP:0040183,17
HP:0100754,7
HP:0001742,3
HP:0012081,7
HP:0012844,9
HP:0008416,15
HP:0010442,15
HP:0002661,7
HP:0007249,7
HP:0025249,9
HP:0007430,13
HP:0030005,5
HP:0008465,15
HP:0005857,7
HP:0010309,15
HP:0004443,3
HP:0008843,15
HP:0011848,7
HP:0030155,1
HP:0030943,20
HP:0007379,1
HP:0010787,1
HP:0011433,23
HP:0006899,7
HP:0010664,7
HP:0100321,7
HP:0010734,15
HP:0010939,3
HP:0430000,3
HP:0012093,21
HP:0004915,13
HP:0001343,7
HP:0004365,13
HP:0008796,24
HP:0001211,15
HP:0011268,22
HP:0008285,13
HP:0011785,21
HP:0011786,21
HP:0005165,5
HP:0002923,16
HP:0001560,23
HP:0003785,7
HP:0025430,12
HP:0030917,23
HP:0010895,13
HP:0010900,13
HP:0010909,13
HP:0030447,21
HP:0025474,9
HP:0025475,9
HP:0005526,10
HP:0030692,7
HP:0040095,22
HP:0040217,10
HP:0009894,22
HP:0040025,15
HP:0011221,3
HP:0004810,10
HP:0012647,16
HP:0011340,3
HP:0010617,5
HP:0005462,7
HP:0012064,15
HP:0007401,11
HP:0011747,7
HP:0011757,7
HP:0006481,3
HP:0005072,15
HP:0006149,15
HP:0011910,15
HP:0005230,17
HP:0012689,7
HP:0025406,20
HP:0010956,1
HP:0005240,17
HP:0003125,10
HP:0007911,11
HP:0004859,10
HP:0008915,0
HP:0001960,13
HP:0003527,13
HP:0011038,1
HP:0011438,23
HP:0005104,3
HP:0009117,3
HP:0006493,15
HP:0006496,15
HP:0007549,9
HP:0012054,11
HP:0011524,11
HP:0012055,11
HP:0000539,11
HP:0007902,11
HP:0008494,11
HP:0010920,11
HP:0030786,11
HP:0030800,11
HP:0004724,1
HP:0010531,7
HP:0003988,15
HP:0009373,15
HP:0005200,17
HP:0006536,4
HP:0011944,5
HP:0004968,7
HP:0005302,5
HP:0005313,5
HP:0012158,5
HP:0002563,5
HP:0006641,15
HP:0004751,5
HP:0002266,7
HP:0011151,7
HP:0011793,8
HP:0010841,7
HP:0030092,2
HP:0006957,7
HP:0030951,2
HP:0030838,7
HP:0002450,7
HP:0004347,4
HP:0012123,11
HP:0006210,15
HP:0012814,14
HP:0031162,7
HP:0010523,7
HP:0030217,7
HP:0030049,7
HP:0100594,17
HP:0010284,3
HP:0025062,7
HP:0007797,11
HP:0002390,7
HP:0006773,9
HP:0100249,15
HP:0005505,10
HP:0007793,11
HP:0012167,7
HP:0012787,1
HP:0006202,15
HP:0006378,15
HP:0008095,15
HP:0100959,15
HP:0008031,11
HP:0008444,15
HP:0006671,5
HP:0031041,5
HP:0000916,15
HP:0003021,15
HP:0006402,15
HP:0025289,16
HP:0025143,20
HP:0200029,9
HP:0002697,3
HP:0005950,4
HP:0030000,2
HP:0030209,16
HP:0030357,4
HP:0002408,7
HP:0009145,7
HP:0100711,15
HP:0000207,3
HP:0006159,15
HP:0008498,3
HP:0010112,15
HP:0012324,10
HP:0011372,22
HP:0004844,10
HP:0005550,10
HP:0000897,15
HP:0001030,9
HP:0006770,1
HP:0007603,9
HP:0100877,1
HP:0000559,11
HP:0009887,9
HP:0012281,17
HP:0100676,1
HP:0000214,5
HP:0003761,2
HP:0100557,15
HP:0011677,5
HP:0010484,24
HP:0010496,24
HP:0007485,6
HP:0002840,16
HP:0012344,9
HP:0012050,13
HP:0100762,17
HP:0030147,7
HP:0040132,7
HP:0007737,11
HP:0040078,7
HP:0007390,9
HP:0008115,15
HP:0025312,11
HP:0009603,15
HP:0011318,3
HP:0006000,1
HP:0012092,17
HP:0100254,15
HP:0002135,7
HP:0005450,3
HP:0005490,3
HP:0007862,11
HP:0030346,21
HP:0005025,15
HP:0003943,15
HP:0004987,15
HP:0002651,15
HP:0004566,15
HP:0010656,15
HP:0100866,15
HP:0006640,15
HP:0008786,15
HP:0000840,21
HP:0008226,21
HP:0008258,21
HP:0011742,21
HP:0000839,7
HP:0011755,7
HP:0012731,7
HP:0000381,22
HP:0011384,22
HP:0012717,22
HP:0005225,13
HP:0012027,13
HP:0007041,7
HP:0030907,7
HP:0001895,10
HP:0009805,5
HP:0011105,5
HP:0040085,21
HP:0008239,21
HP:0011363,9
HP:0030014,1
HP:0100000,21
HP:0010785,1
HP:0008247,21
HP:0011782,21
HP:0011804,2
HP:0012224,16
HP:0006562,16
HP:0009831,7
HP:0007447,9
HP:0008227,7
HP:0006960,7
HP:0012185,7
HP:0009642,15
HP:0010041,15
HP:0025027,9
HP:0004438,3
HP:0010027,15
HP:0000905,15
HP:0012156,10
HP:0004923,13
HP:0011127,9
HP:0003811,19
HP:0007428,3
HP:0008765,7
HP:0000495,11
HP:0001790,23
HP:0005868,15
HP:0012221,9
HP:0001027,9
HP:0003826,19
HP:0012023,13
HP:0005681,15
HP:0010287,3
HP:0010676,17
HP:0011857,10
HP:0011949,4
HP:0030164,5
HP:0030834,7
HP:0007078,7
HP:0012317,15
HP:0012312,10
HP:0003733,2
HP:0002365,7
HP:0012697,7
HP:0004445,10
HP:0011889,10
HP:0009763,7
HP:0010742,13
HP:0010834,7
HP:0031005,7
HP:0040170,9
HP:0007707,11
HP:0008062,11
HP:0011118,16
HP:0011338,3
HP:0005986,3
HP:0025439,3
HP:0001966,1
HP:0002062,7
HP:0030866,15
HP:0100707,7
HP:0100491,15
HP:0005976,13
HP:0030083,7
HP:0004860,10
HP:0008720,1
HP:0100288,7
HP:0000242,3
HP:0001248,24
HP:0002703,3
HP:0006391,15
HP:0008438,15
HP:0006243,15
HP:0004582,15
HP:0004018,15
HP:0006413,15
HP:0006434,15
HP:0006633,15
HP:0004268,15
HP:0006239,15
HP:0004439,3
HP:0001129,11
HP:0007994,11
HP:0003090,15
HP:0031546,5
HP:0001438,17
HP:0001046,9
HP:0006723,21
HP:0030145,17
HP:0006476,21
HP:0007159,7
HP:0005609,17
HP:0005208,17
HP:0030895,17
HP:0006719,8
HP:0005345,5
HP:0100568,21
HP:0008261,21
HP:0011798,1
HP:0031246,4
HP:0001005,9
HP:0003144,21
HP:0004385,17
HP:0012701,17
HP:0025428,4
HP:0031566,5
HP:0010886,15
HP:0010822,11
HP:0002374,7
HP:0005329,3
HP:0006919,7
HP:0030188,7
HP:0200149,7
HP:0012753,7
HP:0003563,13
HP:0008181,13
HP:0010875,7
HP:0011900,10
HP:0004880,4
HP:0008440,15
HP:0005927,15
HP:0011301,15
HP:0030032,15
HP:0005233,17
HP:0000065,1
HP:0010593,15
HP:0011327,3
HP:0400000,3
HP:0003713,2
HP:0007717,3
HP:0030683,1
HP:0004934,15
HP:0006135,24
HP:0011004,5
HP:0030314,15
HP:0030839,7
HP:0030595,11
HP:0000447,3
HP:0012696,7
HP:0011751,7
HP:0011297,15
HP:0007263,7
HP:0025404,11
HP:0007338,11
HP:0012079,7
HP:0009835,15
HP:0009618,15
HP:0003034,15
HP:0003909,15
HP:0005700,15
HP:0002562,14
HP:0009765,3
HP:0030820,3
HP:0009101,3
HP:0012714,22
HP:0011565,5
HP:0040180,9
HP:0004768,3
HP:0000606,3
HP:0006097,15
HP:0001501,15
HP:0010708,15
HP:0009577,15
HP:0006236,15
HP:0009164,15
HP:0008083,15
HP:0010076,15
HP:0001204,15
HP:0001230,15
HP:0009495,15
HP:0009606,15
HP:0009684,15
HP:0010026,15
HP:0009372,15
HP:0009568,15
HP:0011497,11
HP:0012636,11
HP:0000553,11
HP:3000032,3
HP:0030911,1
HP:0008648,1
HP:0003159,1
HP:0011021,13
HP:0003946,15
HP:0004237,15
HP:0011310,9
HP:0003720,2
HP:0000185,3
HP:0011157,7
HP:0008297,13
HP:0002601,15
HP:0012325,10
HP:0012539,10
HP:0012130,10
HP:0025035,10
HP:0002249,5
HP:0030140,3
HP:0004406,3
HP:0011858,10
HP:0012541,23
HP:0040232,10
HP:0001446,2
HP:0003402,7
HP:0003443,7
HP:0009005,2
HP:0030199,7
HP:0410011,3
HP:0007131,7
HP:0005335,3
HP:0003398,7
HP:0003436,7
HP:0030203,7
HP:0007941,11
HP:0030211,11
HP:0011399,2
HP:0012036,2
HP:0007677,11
HP:0010955,1
HP:0012082,7
HP:0011198,7
HP:0030186,7
HP:0007944,11
HP:0007928,11
HP:0003133,7
HP:0006955,7
HP:0008311,7
HP:0030511,11
HP:0011012,13
HP:0011468,3
HP:0031422,7
HP:0001151,11
HP:0030185,7
HP:0003469,7
HP:0010903,13
HP:0012202,13
HP:0200128,5
HP:0040307,1
HP:0011094,3
HP:0001844,15
HP:0002427,7
HP:0040131,7
HP:0012045,11
HP:0030506,11
HP:0030892,7
HP:0006944,7
HP:0008441,15
HP:0008480,15
HP:0012513,7
HP:0100712,15
HP:0006575,17
HP:0030948,13
HP:0031029,13
HP:0040119,22
HP:0040090,22
HP:0006722,21
HP:0031138,13
HP:0030446,7
HP:0030222,7
HP:0030784,7
HP:0006977,7
HP:0007112,7
HP:0030391,7
HP:0003148,13
HP:0004796,17
HP:0030412,8
HP:0040276,8
HP:0001579,21
HP:0031499,8
HP:0100605,4
HP:0031218,21
HP:0010975,10
HP:0030156,1
HP:0002244,17
HP:0025349,11
HP:0040315,3
HP:0100755,3
HP:0000172,3
HP:0005348,4
HP:0005483,4
HP:0011855,3
HP:0011970,13
HP:0100878,1
HP:0011434,23
HP:0007432,9
HP:0011946,4
HP:0012181,7
HP:0001404,17
HP:0008305,1
HP:0011346,7
HP:0004749,5
HP:0005017,15
HP:0005750,15
HP:0012594,1
HP:0009719,9
HP:0030877,4
HP:0040272,7
HP:0012188,23
HP:0008376,7
HP:0100752,17
